MotifSeq,NumRFInstances,NumMissclassified,TotalPeptideCount,ToxicCount,NeutralCount,AntitoxicCount,AverageToxScore,AverageRank,MotifScore,pvalues,significant
C..C.C..,3116,0,425,408,15,2,-0.559469,83698.2,3116,3.24006124286055e-80,TRUE
...Y...F,2499,0,676,551,118,7,-0.567236,78160.5,2499,2.46322095693753e-60,TRUE
.....Y.Y,2223,0,491,429,56,6,-0.572424,80581.4,2223,1.30122431345319e-61,TRUE
.....F.Y,2023,0,669,589,69,11,-0.602341,82181.2,2023,3.25883749641402e-86,TRUE
C.CC....,1819,0,461,426,28,7,-0.537954,82212.5,1819,4.24597022782595e-74,TRUE
C..CF...,1549,0,302,277,24,1,-0.584066,83660.1,1549,1.19448991140291e-47,TRUE
CC.C....,1533,0,546,492,53,1,-0.543135,81687.6,1533,2.13996977721885e-78,TRUE
Y......Y,3072,1,478,410,63,5,-0.517302,78211.9,1536,3.72496428634329e-55,TRUE
.C.CC...,1421,0,461,432,26,3,-0.55345,82943.6,1421,1.33937045318006e-78,TRUE
...F...F,1280,0,984,790,180,14,-0.60588,78527.9,1280,1.71241078022892e-80,TRUE
.Y.....Y,1248,0,797,704,84,9,-0.53617,79510.6,1248,7.1162115436928e-104,TRUE
C..C...F,4112,3,270,255,9,6,-0.612797,84680.8,1028,2.57426666369774e-48,TRUE
..C.C..C,979,0,327,293,26,8,-0.531718,80747.8,979,1.57794265202081e-46,TRUE
C...C..C,981,0,330,285,43,2,-0.544869,80430.5,981,7.52434046571832e-40,TRUE
F......Y,962,0,1301,1116,170,15,-0.558577,79323.9,962,6.60966223003705e-147,TRUE
FC..C...,865,0,558,498,53,7,-0.570091,81624,865,9.46033516135175e-77,TRUE
C.C.C...,852,0,416,391,16,9,-0.535181,82087.7,852,5.28649364411932e-72,TRUE
..C..C.Y,814,0,170,158,8,4,-0.578176,83175.5,814,4.18509394378878e-29,TRUE
......YY,790,0,364,333,28,3,-0.566197,82135.5,790,1.96001474668498e-56,TRUE
C.C..C..,740,0,367,357,8,2,-0.601331,86569.2,740,2.5050091572568e-73,TRUE
C..C...C,3890,4,373,338,31,4,-0.560349,82224.1,778,1.80589846802966e-55,TRUE
...C...Y,830,0,1174,964,199,11,-0.509959,76448.7,830,2.53370952625263e-107,TRUE
C..C.Y..,1500,1,200,184,13,3,-0.581165,83376.5,750,1.51461535279732e-32,TRUE
.CC.C...,704,0,406,384,18,4,-0.552569,83097.6,704,3.6130659294681e-72,TRUE
..Y....Y,1325,1,436,382,47,7,-0.514468,78031.9,662.5,1.32582790862427e-55,TRUE
..C....Y,670,0,1029,837,173,19,-0.50039,75981.7,670,6.38010144232882e-90,TRUE
F..C...C,647,0,486,351,126,9,-0.478887,72157,647,1.14883479541226e-22,TRUE
.C.C..C.,549,0,409,381,24,4,-0.56604,83170.5,549,3.16891069921841e-68,TRUE
.....C.Y,589,0,1045,861,173,11,-0.513719,76861.3,589,2.19183273489976e-97,TRUE
C..CC...,1580,2,431,397,31,3,-0.567301,83243.6,526.667,1.86103445074323e-68,TRUE
.C.C.C..,546,0,506,463,41,2,-0.515207,79864.4,546,8.48000410135467e-78,TRUE
....F..F,527,0,798,656,130,12,-0.628499,79661.5,527,5.61250812574934e-74,TRUE
...V...Y,1616,2,726,556,160,10,-0.506645,74759.3,538.667,1.50971494801361e-46,TRUE
..V....Y,526,0,1022,810,199,13,-0.526008,76158.7,526,4.44216775907363e-78,TRUE
C.C....F,483,0,242,212,25,5,-0.575358,82320,483,1.28353137035022e-31,TRUE
C......Y,524,0,1161,914,229,18,-0.486254,74978.8,524,2.50865632069252e-85,TRUE
....F..Y,485,0,573,486,77,10,-0.56155,79345.5,485,2.22231687398122e-62,TRUE
.F.....Y,492,0,898,733,154,11,-0.544516,78057.1,492,4.06117162258739e-80,TRUE
..Y....F,490,0,516,413,95,8,-0.552958,77207.7,490,2.10393506076978e-42,TRUE
....Y..Y,444,0,444,385,51,8,-0.553791,80187.4,444,5.4222092826079e-54,TRUE
...Y...Y,3081,6,498,429,63,6,-0.532953,78944.4,440.143,1.52051905539888e-58,TRUE
F.C....C,445,0,447,340,99,8,-0.492766,73548.7,445,3.04289869037414e-28,TRUE
F.C.C...,398,0,450,387,57,6,-0.558168,80161.5,398,1.14828791220818e-52,TRUE
.C..C..F,379,0,271,243,25,3,-0.609692,83348.3,379,5.54941051168973e-39,TRUE
...CC.C.,372,0,358,321,26,11,-0.526852,80305.2,372,6.32750216958011e-51,TRUE
F.FC....,380,0,370,287,77,6,-0.5716,76943.2,380,2.8109243624288e-26,TRUE
..CFC...,351,0,266,238,25,3,-0.600462,83058.6,351,6.14969554528923e-38,TRUE
...V...F,406,0,958,660,287,11,-0.502354,71137.9,406,1.34094244992475e-31,TRUE
..F....Y,986,2,612,521,83,8,-0.554387,79188.8,328.667,1.13498151178095e-67,TRUE
CC.....F,932,2,277,249,27,1,-0.598551,82908.7,310.667,3.0808803538349e-40,TRUE
C..C...G,353,0,382,270,108,4,-0.416259,69625.7,353,6.2684940604867e-16,TRUE
..F....F,314,0,930,745,173,12,-0.600616,77652.7,314,2.59257529413125e-75,TRUE
......DF,355,0,652,457,186,9,-0.404567,68433.4,355,1.05922945755087e-24,TRUE
F...F.C.,301,0,283,236,41,6,-0.616651,80046.7,301,2.74855124711221e-29,TRUE
.C..C..C,1127,3,378,348,29,1,-0.582866,83747.9,281.75,3.93181636659332e-60,TRUE
...Y..Y.,905,2,439,372,64,3,-0.521803,77898.3,301.667,5.28324897418254e-48,TRUE
C.FC....,1691,5,302,274,28,0,-0.597259,83292.4,281.833,1.72191525057279e-45,TRUE
..CCC...,285,0,404,372,23,9,-0.513011,80156.4,285,3.45093324586972e-64,TRUE
.CCC....,285,0,551,493,53,5,-0.504012,79297.5,285,1.14772278751966e-76,TRUE
FC..Y...,292,0,266,216,49,1,-0.525685,76887.2,292,2.48329984671706e-24,TRUE
......LF,307,0,645,440,192,13,-0.522571,71471.9,307,2.18041669058764e-20,TRUE
..FY....,291,0,657,501,146,10,-0.520269,75018.6,291,2.6989359379747e-41,TRUE
..L....F,296,0,582,419,151,12,-0.543254,72973.4,296,2.63367909559999e-26,TRUE
......LY,278,0,487,395,89,3,-0.552196,77374.6,278,6.69109399533683e-43,TRUE
...YL...,300,0,454,316,129,9,-0.493082,71475.7,300,6.60151032680098e-17,TRUE
.C.C..F.,271,0,318,267,47,4,-0.525637,78361.1,271,9.04900762173315e-34,TRUE
Y...Y...,291,0,444,338,98,8,-0.467586,72870.5,291,3.41121323822897e-28,TRUE
..YF....,289,0,695,519,158,18,-0.498387,73326.5,289,1.06319307157244e-38,TRUE
......VF,283,0,1009,754,238,17,-0.515134,73539.7,283,1.30752775944003e-55,TRUE
.CF.C...,251,0,291,262,26,3,-0.573551,82200.3,251,1.79148843479276e-42,TRUE
CCC.....,255,0,493,445,38,10,-0.520915,80525.7,255,1.68895276324904e-71,TRUE
I.....Y.,286,0,421,292,121,8,-0.448192,69931.5,286,1.95552245490508e-15,TRUE
C..CV...,1508,5,396,336,57,3,-0.540653,79321.1,251.333,9.69207168300434e-44,TRUE
.FC.C...,482,1,279,247,28,4,-0.583111,81351.4,241,6.49453484412263e-38,TRUE
F.C....Y,1423,5,241,218,19,4,-0.595797,82179.3,237.167,3.45695758719178e-36,TRUE
..CF.C..,230,0,249,227,20,2,-0.612682,84322.3,230,1.3699424175324e-38,TRUE
..L....Y,729,2,443,363,75,5,-0.53481,77835.9,243,3.26145491938561e-41,TRUE
...C...F,256,0,1598,1218,351,29,-0.503854,73877.9,256,1.42479577311692e-97,TRUE
Y...F...,250,0,652,488,159,5,-0.481906,73537.8,250,6.82062448264906e-37,TRUE
F...C.C.,223,0,462,393,65,4,-0.554523,79669.3,223,2.40691081579878e-51,TRUE
C..C.F..,2096,9,294,269,22,3,-0.608171,84691,209.6,5.93677017438196e-46,TRUE
F......F,229,0,1716,1332,354,30,-0.575644,76089.3,229,6.56373844825632e-116,TRUE
.FV....Y,400,1,129,122,7,0,-0.68004,87102.5,200,4.27168314405622e-24,TRUE
VC.C....,244,0,401,284,112,5,-0.432282,70285.7,244,7.45535831849966e-17,TRUE
....Y..F,655,2,561,463,90,8,-0.561187,77943.2,218.333,1.39536357600039e-53,TRUE
F....C.F,816,3,282,241,38,3,-0.607087,80443,204,1.05195687057968e-32,TRUE
.YC.C...,211,0,259,221,33,5,-0.506437,77712.1,211,5.82710556131579e-30,TRUE
C...C..Y,389,1,191,175,13,3,-0.590711,83930.2,194.5,1.24725887618512e-30,TRUE
FC..F...,213,0,397,312,75,10,-0.548844,76243.3,213,4.54139084494717e-30,TRUE
....CCC.,203,0,343,303,31,9,-0.517566,79916.1,203,9.07468987989074e-46,TRUE
.C....CF,203,0,250,210,38,2,-0.579133,79871.9,203,5.81515368158524e-27,TRUE
C.C..V..,216,0,299,238,57,4,-0.458698,73393.8,216,1.36528694035635e-24,TRUE
C.C...C.,196,0,372,339,25,8,-0.522291,80621.7,196,1.10082824434376e-56,TRUE
F....C.Y,1496,7,217,202,14,1,-0.624867,83869.8,187,6.3525250526889e-37,TRUE
C.C....C,1350,6,353,317,31,5,-0.525215,80470.7,192.857,1.42069300962008e-50,TRUE
F..FC...,192,0,345,289,52,4,-0.611734,80400.8,192,4.27181441556627e-36,TRUE
C......F,206,0,1498,1172,300,26,-0.515066,74830.3,206,6.49510855906304e-106,TRUE
FCCC....,371,1,126,120,3,3,-0.540519,82419.4,185.5,3.11831875302306e-24,TRUE
V......Y,425,1,755,536,201,18,-0.465845,71557.4,212.5,8.60565808116771e-31,TRUE
FC.C....,578,2,645,515,120,10,-0.503478,76234.8,192.667,6.57062785731685e-52,TRUE
...I...Y,3395,17,393,325,60,8,-0.544938,77737.1,188.611,1.95932529218975e-38,TRUE
F..FV...,380,1,323,245,71,7,-0.579166,77079.6,190,1.51233107144867e-20,TRUE
C..C..Y.,181,0,175,155,17,3,-0.543492,80774.1,181,1.88242078037455e-24,TRUE
F..C.C..,190,0,487,395,86,6,-0.507189,76316.8,190,6.69109399533683e-43,TRUE
Y.F.....,200,0,676,508,158,10,-0.480036,72404.9,200,4.46136594980635e-39,TRUE
C.C..F..,363,1,281,244,35,2,-0.527224,79674.4,181.5,4.95758873326733e-35,TRUE
...CC..F,538,2,251,210,37,4,-0.568816,80406.2,179.333,1.44950700086347e-26,TRUE
...FF...,183,0,893,690,187,16,-0.610341,78435,183,1.03939082692157e-59,TRUE
C.CY....,1798,9,208,188,16,4,-0.523153,79797.7,179.8,2.32974592241961e-31,TRUE
..C.C.C.,180,0,343,313,21,9,-0.50745,78820.7,180,1.03045512827028e-52,TRUE
F...F.I.,165,0,98,86,11,1,-0.749577,85866.4,165,7.71282563565841e-14,TRUE
V..Y....,221,0,807,490,291,26,-0.386389,64078.7,221,1.12989406803153e-09,TRUE
C..C..C.,166,0,380,351,24,5,-0.592619,84814.9,166,2.71145561436045e-61,TRUE
...C.C.C,179,0,347,303,41,3,-0.503916,78120.3,179,6.00251185942807e-44,TRUE
Y..Y....,580,2,561,430,112,19,-0.459022,72019.8,193.333,1.56122949762101e-36,TRUE
CF.C....,1389,7,420,357,59,4,-0.554368,80152.1,173.625,1.13300011758989e-46,TRUE
.C.C...F,690,3,293,256,31,6,-0.556115,80561,172.5,1.76852036138814e-37,TRUE
C.VC....,742,3,431,341,81,9,-0.473719,74756.4,185.5,1.18932145317936e-33,TRUE
....H..Y,380,1,351,270,74,7,-0.450778,72929.1,190,6.23816379745823e-24,TRUE
F....F.Y,972,5,151,137,11,3,-0.665041,84556,162,1.38313354602008e-23,TRUE
....C..F,184,0,1414,1061,334,19,-0.516236,74308,184,4.43674486762835e-79,TRUE
..CC...Y,1439,8,181,172,8,1,-0.593417,84835.7,159.889,8.72220743749743e-34,TRUE
...FC.C.,332,1,254,222,30,2,-0.569259,81334,166,9.12713013196062e-33,TRUE
Y.....Y.,540,2,435,345,85,5,-0.491157,74630,180,2.24914600320288e-34,TRUE
F..I....,188,0,1081,749,311,21,-0.506402,71147.7,188,7.34319633513068e-37,TRUE
...C.C.F,828,4,250,228,20,2,-0.555932,80735.5,165.6,8.41549530167733e-39,TRUE
.....V.Y,718,3,803,622,170,11,-0.493471,74177.4,179.5,1.30778636924991e-54,TRUE
F...C..C,1348,7,431,358,68,5,-0.552123,78447.5,168.5,6.90438415410615e-43,TRUE
.C.FC...,309,1,281,255,23,3,-0.636881,85446.8,154.5,1.73596166586146e-42,TRUE
CYC.....,330,1,260,231,26,3,-0.523806,79627.9,165,5.27955001667038e-36,TRUE
..F.C.C.,160,0,233,205,26,2,-0.566847,81669,160,4.33533355043092e-31,TRUE
..LCC...,170,0,179,139,37,3,-0.526641,76655.4,170,1.36587695689809e-13,TRUE
F.F.C...,647,3,348,295,51,2,-0.598591,80454.4,161.75,1.75079699210887e-38,TRUE
.FCC....,168,0,341,272,64,5,-0.520089,76474.8,168,4.12663594875531e-28,TRUE
CY.C....,1732,10,337,298,35,4,-0.558171,81472.8,157.455,3.36047661192894e-45,TRUE
..C.C..Y,151,0,176,160,11,5,-0.588474,84164.4,151,1.90033327237893e-27,TRUE
.F.C.C..,472,2,367,313,53,1,-0.555564,79875.4,157.333,1.19679127204628e-41,TRUE
...CC..Y,766,4,190,173,14,3,-0.547843,81423.4,153.2,1.07580215100451e-29,TRUE
...Y...C,178,0,1036,713,288,35,-0.440397,69198.8,178,8.61479722276819e-34,TRUE
.CVC....,165,0,481,371,107,3,-0.481438,74438.9,165,1.17533602016547e-32,TRUE
L......Y,1307,7,535,422,106,7,-0.491278,74603.1,163.375,1.0463398511477e-40,TRUE
FC.C..C.,140,0,90,86,3,1,-0.611418,85668.2,140,5.4488594077588e-18,TRUE
.Y.C...Y,711,4,145,137,8,0,-0.60233,84105.7,142.2,8.85755446712232e-27,TRUE
...YV...,183,0,1085,664,358,63,-0.396215,64183.4,183,1.61656240809549e-13,TRUE
V.....Y.,174,0,732,493,220,19,-0.415275,67470.3,174,6.10864327867973e-21,TRUE
.....YD.,177,0,635,427,196,12,-0.377338,66119.7,177,3.60054878527947e-18,TRUE
F..Y....,156,0,1460,1119,324,17,-0.514208,74700.3,156,3.69495259393026e-92,TRUE
F...F...,154,0,1853,1398,415,40,-0.561411,75309.6,154,2.24994966809835e-106,TRUE
..YV....,175,0,685,438,218,29,-0.408445,65908.3,175,2.92652574436213e-13,TRUE
F.V..F..,141,0,283,239,41,3,-0.638883,81439.1,141,4.54843307711977e-31,TRUE
...F.F.Y,375,2,87,84,3,0,-0.774689,91548.4,125,3.81714118461911e-18,TRUE
Y..F....,158,0,790,578,200,12,-0.473955,71934.2,158,9.21026842853318e-39,TRUE
F.CF....,292,1,391,312,73,6,-0.578448,77796.5,146,4.75832821351656e-32,TRUE
.C..C..V,153,0,333,253,75,5,-0.472914,74013.8,153,2.53451984511977e-21,TRUE
...L...Y,2779,18,448,365,78,5,-0.532084,77350.5,146.263,1.69567574000615e-40,TRUE
.F.CC...,294,1,367,296,67,4,-0.509354,76689.1,147,7.50072760787188e-32,TRUE
....C.CC,2347,16,310,285,23,2,-0.548882,81424.9,138.059,2.39094881381835e-49,TRUE
.C.CF...,692,4,304,266,36,2,-0.553097,81007.6,138.4,4.47466133912965e-39,TRUE
...IF...,307,1,544,385,145,14,-0.506429,72911.1,153.5,3.33604613580987e-22,TRUE
...F...L,163,0,914,568,323,23,-0.469167,68141.5,163,2.08691025257103e-13,TRUE
.F.....F,146,0,1225,939,272,14,-0.580186,75878,146,1.10482777359071e-77,TRUE
Y......F,1613,10,611,474,126,11,-0.525522,74798.1,146.636,2.52931895900305e-42,TRUE
CC.....L,151,0,257,187,64,6,-0.459406,72541.8,151,2.9151404270653e-13,TRUE
F.V.C...,285,1,390,302,82,6,-0.544503,76241.1,142.5,2.31623052998829e-27,TRUE
C.CF....,939,6,309,266,40,3,-0.535732,79531,134.143,7.06814752608616e-37,TRUE
....C..Y,136,0,1032,857,157,18,-0.522646,77807,136,5.07503529522025e-100,TRUE
F...F..F,1216,9,192,173,15,4,-0.799856,86383.3,121.6,1.072541999668e-28,TRUE
.CV.C...,134,0,431,331,97,3,-0.491704,74898.1,134,9.28295822175566e-29,TRUE
.....F.D,157,0,813,504,290,19,-0.358847,63895.1,157,7.97765099236776e-12,TRUE
..LF....,138,0,801,554,235,12,-0.521191,72591.1,138,2.05377313537095e-27,TRUE
..FF....,132,0,1106,810,275,21,-0.549616,75136,132,6.91765350003195e-54,TRUE
...YC...,135,0,1110,826,272,12,-0.478084,73009.7,135,1.66138427550952e-59,TRUE
F...Y...,132,0,1308,1002,288,18,-0.494486,74013.6,132,1.57140446365074e-82,TRUE
.C.C...C,504,3,403,339,60,4,-0.496026,77352.2,126,1.03321632400071e-42,TRUE
.C...C.Y,487,3,230,200,28,2,-0.543946,79866.4,121.75,3.66388692116438e-29,TRUE
C....C.F,362,2,214,190,21,3,-0.556767,80383.9,120.667,7.62905040920627e-30,TRUE
...FY...,259,1,579,452,114,13,-0.515692,74822.4,129.5,1.43091805463241e-41,TRUE
FC.....Y,592,4,264,230,29,5,-0.592328,81307.9,118.4,1.65705671014616e-33,TRUE
.Y..Y...,128,0,757,609,135,13,-0.487365,74609,128,5.17728430387305e-63,TRUE
....Y..C,139,0,896,617,256,23,-0.429003,68662.9,139,1.44076437354105e-29,TRUE
......FR,143,0,1027,629,387,11,-0.410989,66615.2,143,5.66968009009595e-13,TRUE
C.F.C...,235,1,246,203,40,3,-0.569842,80726.2,117.5,1.957824152381e-24,TRUE
...C..Y.,131,0,1064,775,278,11,-0.462769,72308.7,131,3.33120470394775e-50,TRUE
C..Y....,137,0,1286,893,362,31,-0.421636,68928.1,137,3.48089359570489e-44,TRUE
.C.CL...,591,4,240,208,29,3,-0.542827,79348.8,118.2,6.55783339629349e-30,TRUE
F...C..Y,1102,9,209,193,13,3,-0.594514,83743.5,110.2,1.82356807903281e-34,TRUE
.CC....C,125,0,402,312,83,7,-0.464286,73761.4,125,1.70853392589578e-28,TRUE
..CYC...,452,3,192,173,17,2,-0.545196,81297.2,113,1.072541999668e-28,TRUE
....I..F,371,2,511,366,133,12,-0.562698,73945.2,123.667,1.42087458523404e-22,TRUE
F.VY....,879,7,212,184,26,2,-0.622812,82277.4,109.875,8.73805422924163e-27,TRUE
.CC.F...,112,0,268,228,37,3,-0.545455,80114.1,112,1.58894532201728e-30,TRUE
V..C.C..,368,2,315,239,74,2,-0.452826,72023.3,122.667,4.15331686167717e-20,TRUE
C..C..F.,323,2,260,230,30,0,-0.590582,82012.1,107.667,2.50236382386563e-35,TRUE
CC..C...,206,1,407,384,20,3,-0.594725,85709.2,103,1.31084405081809e-71,TRUE
.C..C..Y,518,4,206,191,14,1,-0.601035,85067.6,103.6,1.43986112932969e-34,TRUE
....CY.Y,104,0,81,75,6,0,-0.612724,84733.9,104,1.76523743209071e-14,TRUE
..I....F,455,3,546,427,111,8,-0.57912,77151.4,113.75,1.12610756909441e-39,TRUE
..Y.C...,120,0,974,730,230,14,-0.475664,73065.4,120,1.12042191917706e-54,TRUE
F.....CY,616,5,209,187,21,1,-0.639484,84164.7,102.667,3.5889849285256e-30,TRUE
F..F...C,1092,9,366,293,66,7,-0.608185,78988.4,109.2,1.32552404984777e-30,TRUE
F.V....F,736,6,245,206,35,4,-0.654826,81695.5,105.143,1.41783358185555e-26,TRUE
.F.C..C.,219,1,318,258,54,6,-0.545894,78299.4,109.5,1.2091133494961e-28,TRUE
...C..CY,308,2,161,147,12,2,-0.5899,83260.3,102.667,1.04655422658698e-25,TRUE
.CF....F,413,3,217,192,25,0,-0.647854,82784.7,103.25,8.63404093769523e-30,TRUE
FY.....C,448,3,355,282,66,7,-0.520603,75790.4,112,1.36316941668581e-28,TRUE
.C..C.F.,509,4,242,216,23,3,-0.600095,83379.7,101.8,2.62787343080338e-34,TRUE
FC..C..C,286,2,82,80,2,0,-0.657585,88836.5,95.3333,7.07649484571076e-18,TRUE
...F...V,133,0,1307,758,484,65,-0.40242,63579.8,133,7.42254426897696e-09,TRUE
......YF,1092,9,528,426,97,5,-0.550749,77113.1,109.2,3.78211568424869e-45,TRUE
F..F.F..,100,0,280,237,41,2,-0.711347,84042.6,100,4.43458561849802e-31,TRUE
F...YC..,107,0,224,180,40,4,-0.543963,77841.2,107,1.01919695662455e-19,TRUE
F.....CC,1384,12,398,328,64,6,-0.549459,78041.9,106.462,2.95559699981319e-38,TRUE
C...C.C.,102,0,372,332,36,4,-0.539235,81144.3,102,8.88940167901337e-52,TRUE
CC.C.C..,99,0,87,86,1,0,-0.535647,83188.1,99,8.01669238932131e-20,TRUE
..C.C.F.,201,1,219,194,25,0,-0.575116,81932.4,100.5,3.32380411279315e-30,TRUE
......FF,526,4,715,566,139,10,-0.595902,77626.5,105.2,7.88272871026923e-55,TRUE
F.L...F.,98,0,116,99,16,1,-0.702278,82820.8,98,2.66753021688597e-14,TRUE
..C...CF,693,6,214,188,25,1,-0.591987,81710.8,99,1.67570098257461e-28,TRUE
F..Y...C,1818,17,209,179,28,2,-0.582184,79957.3,101,6.5824993742929e-25,TRUE
...I...F,2318,21,531,411,111,9,-0.588356,76423.9,105.364,1.47383286697318e-36,TRUE
C.C....L,1147,11,198,178,19,1,-0.5859,83371.4,95.5833,2.95214140050791e-29,TRUE
..VC...Y,1456,14,181,163,18,0,-0.590415,81964.6,97.0667,4.38407867035948e-27,TRUE
....L.F.,110,0,557,390,156,11,-0.510185,72282.3,110,3.42693886705192e-21,TRUE
.I.....F,110,0,589,429,153,7,-0.508252,72141.7,110,1.50097914853205e-28,TRUE
...C..CF,780,7,234,200,29,5,-0.60114,81329.8,97.5,1.95622852755353e-27,TRUE
.YV....Y,387,3,159,146,11,2,-0.578914,81843.6,96.75,5.21189129360799e-26,TRUE
C..CY...,1354,13,199,181,16,2,-0.548758,81243.3,96.7143,6.9839365139862e-31,TRUE
F...C..F,966,9,284,239,43,2,-0.645538,81181.8,96.6,1.15075514263624e-30,TRUE
FC.CC...,179,1,103,101,1,1,-0.628345,87581,89.5,1.76016767647265e-22,TRUE
.F..F..F,267,2,135,119,14,2,-0.829781,87189.3,89,7.66218856787906e-19,TRUE
...I...C,125,0,825,463,304,58,-0.386319,61860,125,0.000437493068402498,FALSE
...CF.C.,287,2,229,198,25,6,-0.553004,80532.2,95.6667,2.57126068905269e-28,TRUE
F..CF...,401,3,348,270,72,6,-0.568778,76829.9,100.25,7.63465349090975e-25,TRUE
FC.....F,97,0,375,304,67,4,-0.585567,78712.7,97,2.41045583523407e-33,TRUE
C..C..V.,101,0,366,294,68,4,-0.48454,75578.2,101,3.92679548028993e-31,TRUE
.Y.....F,100,0,1018,778,228,12,-0.53566,75493.3,100,8.56806669834655e-64,TRUE
..CC..C.,95,0,383,332,41,10,-0.510716,78797.6,95,9.43411499570579e-47,TRUE
C.C.....,100,0,2521,1995,485,41,-0.468781,74643.4,100,3.6178668622075e-188,TRUE
..F...CY,92,0,98,87,9,2,-0.573913,80880.8,92,1.62655066843506e-14,TRUE
...IY...,595,5,359,277,76,6,-0.525232,74944.1,99.1667,7.68030706081843e-25,TRUE
FY..C...,475,4,358,292,63,3,-0.541171,77125.7,95,6.93903204964545e-33,TRUE
.....YY.,93,0,359,300,55,4,-0.538889,78091,93,4.60837540297341e-37,TRUE
F..YC...,450,4,225,194,28,3,-0.570227,80362.8,90,1.66161104500437e-27,TRUE
..VY....,102,0,1068,743,302,23,-0.475271,70655.8,102,1.85058148578369e-37,TRUE
..VI....,112,0,942,560,321,61,-0.41678,63711.8,112,6.64917663306017e-09,TRUE
CC.C.F..,81,0,69,67,2,0,-0.619858,88031.9,81,5.0733237274285e-15,TRUE
...C.CC.,261,2,348,321,23,4,-0.534191,81395.8,87,5.85826682449351e-56,TRUE
...F.C.F,248,2,168,148,18,2,-0.677206,84809.3,82.6667,5.32125562903409e-23,TRUE
.....I.Y,1458,15,445,355,86,4,-0.531213,76051.7,91.125,3.4070456470789e-36,TRUE
CCVC....,248,2,88,81,7,0,-0.572581,83771.9,82.6667,3.06020359571937e-15,TRUE
FY..F...,336,3,206,181,23,2,-0.617019,81723.7,84,1.61904151673099e-27,TRUE
FY.....V,370,3,259,199,58,2,-0.517011,73972,92.5,5.76883175442943e-18,TRUE
.F..C..Y,330,3,141,128,8,5,-0.595315,82523.3,82.5,3.50073880108007e-22,TRUE
.Y.C....,98,0,1977,1347,583,47,-0.429117,68879,98,1.68619764698777e-58,TRUE
.....CCC,418,4,311,268,41,2,-0.544154,80347,83.6,2.79246941183214e-37,TRUE
...YF...,261,2,631,491,134,6,-0.551444,76720.8,87,2.27538303175893e-44,TRUE
L..F....,100,0,808,505,285,18,-0.428989,66658.3,100,1.1916479393546e-12,TRUE
FC.F....,86,0,465,362,98,5,-0.562215,77019.5,86,3.11672921839355e-33,TRUE
.C.F...Y,1269,15,136,125,9,2,-0.595208,83495.5,79.3125,1.43561564050459e-22,TRUE
.CYF....,86,0,147,117,27,3,-0.535387,76882.1,86,7.19702009753907e-13,TRUE
..Y.CC..,84,0,170,147,21,2,-0.518332,78148.9,84,1.89993139636015e-21,TRUE
..CF..C.,334,3,254,213,39,2,-0.551722,78507.8,83.5,3.74547912517438e-27,TRUE
CFC.....,248,2,326,274,48,4,-0.533378,79180.5,82.6667,9.58301642244259e-35,TRUE
CY.....Y,557,6,145,135,9,1,-0.564346,82130.2,79.5714,3.03589053832039e-25,TRUE
CC..F...,87,0,276,215,59,2,-0.493323,75097.5,87,1.86651512860475e-20,TRUE
.F.I....,93,0,786,525,240,21,-0.511307,70147.4,93,4.66072513997057e-21,TRUE
.C.C...L,1304,15,260,222,35,3,-0.525684,79068.2,81.5,3.67641004301097e-30,TRUE
CI.C....,1208,14,206,183,18,5,-0.54369,79945,80.5333,7.34578887726548e-29,TRUE
FC.....C,176,1,509,379,116,14,-0.480605,72895.2,88,2.54110679160967e-28,TRUE
C...CC..,78,0,393,353,35,5,-0.548315,82057.3,78,3.71808895461824e-56,TRUE
YCC.....,87,0,229,177,51,1,-0.464381,73264.2,87,1.45388988184074e-16,TRUE
.F..F.C.,82,0,205,157,45,3,-0.593123,77330,82,2.68033434543576e-14,TRUE
...VF...,93,0,999,627,348,24,-0.449977,68165.1,93,7.15509926937344e-16,TRUE
V...FC..,81,0,180,145,32,3,-0.530887,77365.3,81,2.42564507892935e-16,TRUE
C.YC....,777,9,174,152,20,2,-0.543983,79955.8,77.7,6.50386876520558e-23,TRUE
C.C.L...,461,5,151,135,15,1,-0.544479,80798.1,76.8333,3.52357427623487e-22,TRUE
L.....Y.,270,2,518,352,160,6,-0.434158,68867.1,90,3.02387412599687e-16,TRUE
F.F....Y,867,11,151,138,12,1,-0.675278,85594,72.25,2.63458460047746e-24,TRUE
..CC...F,767,9,259,221,35,3,-0.551614,79503.7,76.7,5.82710556131579e-30,TRUE
CF.....F,665,8,233,199,31,3,-0.646673,81736.9,73.8889,3.10325214100321e-27,TRUE
..C..C.L,380,4,180,157,20,3,-0.534112,78764.2,76,1.72416305787335e-23,TRUE
CY..Y...,160,1,134,112,18,4,-0.469248,74700,80,7.55572515184363e-15,TRUE
.C.CY...,457,5,222,190,31,1,-0.502959,78105.8,76.1667,2.84691580399586e-26,TRUE
..C.C..F,291,3,210,180,25,5,-0.578595,81437.3,72.75,4.14209171873264e-25,TRUE
.Y.I....,83,0,743,521,206,16,-0.476512,71047.1,83,5.37183986589749e-28,TRUE
.Y..C..C,842,10,260,221,35,4,-0.504968,76813.2,76.5455,1.51863143219929e-29,TRUE
LY......,88,0,851,555,283,13,-0.406535,66754.6,88,6.78254906130801e-19,TRUE
C.....Y.,83,0,1070,766,288,16,-0.437723,70520.8,83,2.71160657117573e-45,TRUE
.C.CC..V,70,0,56,53,3,0,-0.561281,83595.1,70,2.3645866701243e-11,TRUE
C..C..L.,361,4,213,191,21,1,-0.555466,80903.9,72.2,5.22350911912535e-31,TRUE
...YY...,529,6,400,324,68,8,-0.527411,76881,75.5714,2.6132359662493e-35,TRUE
CY..C...,224,2,302,249,48,5,-0.516392,77631.7,74.6667,1.6751684078744e-29,TRUE
FF..C...,222,2,388,305,80,3,-0.5882,77969.4,74,1.83853464252203e-29,TRUE
......FC,79,0,1151,833,303,15,-0.511322,72899.9,79,4.80345654200551e-52,TRUE
..YY....,387,4,455,354,94,7,-0.48566,74254.5,77.4,1.8910725089637e-32,TRUE
....F.F.,75,0,805,615,182,8,-0.560541,76164.9,75,1.00295046790127e-50,TRUE
.F..C..F,147,1,193,152,39,2,-0.569402,77307.8,73.5,1.34988200184402e-15,TRUE
...FFV..,136,1,110,95,14,1,-0.640097,83231.8,68,2.38977562886005e-14,TRUE
.C.C...Y,910,12,235,209,24,2,-0.54399,80581,70,7.53631732838505e-33,TRUE
..C.CC..,68,0,335,311,19,5,-0.53812,82173.3,68,2.05677520973257e-55,TRUE
.CC....V,81,0,379,260,112,7,-0.421803,68654.1,81,4.39892633831493e-13,TRUE
.C.YC...,331,4,182,167,14,1,-0.591142,83981.8,66.2,1.90988626519245e-29,TRUE
F..C..Y.,73,0,193,152,40,1,-0.509166,75903.2,73,1.34988200184402e-15,TRUE
C.C....V,382,4,261,199,57,5,-0.44288,72253.7,76.4,2.25025400931868e-17,TRUE
.F.F..C.,71,0,259,198,57,4,-0.586017,77733.6,71,1.69832885654325e-17,TRUE
F...C.Y.,71,0,175,144,27,4,-0.552166,77696.7,71,1.31921753040989e-17,TRUE
FF.F....,265,3,331,274,55,2,-0.722213,83182.6,66.25,8.51942468005144e-33,TRUE
C..C...Y,1185,17,200,180,19,1,-0.579578,82873.9,65.8333,1.12242971729829e-29,TRUE
Y..C...Y,851,12,98,90,8,0,-0.574981,82715.2,65.4615,1.19857566745974e-16,TRUE
..L...F.,73,0,546,389,154,3,-0.548516,74037.7,73,3.12352346793794e-23,TRUE
C.C...L.,70,0,197,165,28,4,-0.501874,77106.2,70,2.64578195497758e-21,TRUE
.....YF.,72,0,543,425,109,9,-0.516443,74613.7,72,1.22826471362244e-39,TRUE
..C...CL,209,2,159,129,28,2,-0.527584,76672.5,69.6667,4.12040050771996e-15,TRUE
.C..C..I,469,6,157,138,17,2,-0.539403,79693.5,67,2.15539457424639e-21,TRUE
CV.C....,866,11,266,208,53,5,-0.461928,73365.2,72.1667,3.67774081010021e-20,TRUE
...C.F.Y,314,4,116,105,9,2,-0.628084,84298.5,62.8,2.59947871841648e-18,TRUE
Y......V,88,0,939,515,380,44,-0.348865,60147.1,88,0.00298117126134029,FALSE
.C..CF..,64,0,302,272,27,3,-0.58168,82684.1,64,4.43209204686744e-44,TRUE
...F..I.,75,0,602,409,175,18,-0.489633,70263.8,75,1.32610892505698e-18,TRUE
.F..Y...,73,0,875,629,225,21,-0.483056,71797.6,73,2.41900152351144e-38,TRUE
...F..Y.,274,3,687,539,142,6,-0.537389,76425.8,68.5,2.53292621899052e-50,TRUE
F.....VF,1285,19,202,174,26,2,-0.644826,81415.3,64.25,9.37198742714496e-25,TRUE
Y...C.C.,69,0,169,137,29,3,-0.489808,75773.4,69,6.64214157497048e-16,TRUE
..IY....,412,5,398,305,86,7,-0.542716,76028.2,68.6667,2.24135760607433e-26,TRUE
F.FF...C,114,1,36,34,2,0,-0.853087,91297,57,9.64260673022824e-08,TRUE
.C..C.L.,314,4,196,168,26,2,-0.598274,82734,62.8,1.5239706048321e-23,TRUE
FCC....C,260,3,87,77,9,1,-0.514299,79603.3,65,6.8121301585291e-13,TRUE
...F..CC,794,11,251,201,46,4,-0.550034,78121.7,66.1667,1.55722112142438e-21,TRUE
...C.C.Y,707,10,205,183,21,1,-0.543708,80273.7,64.2727,2.45854003404512e-29,TRUE
.C..C.C.,184,2,397,377,18,2,-0.569645,84094.5,61.3333,8.63966036822352e-72,TRUE
C.C....Y,705,10,186,165,16,5,-0.530431,80422.8,64.0909,4.63561319249919e-26,TRUE
..C.F..F,362,5,122,111,10,1,-0.687483,85404.7,60.3333,1.38363024627994e-19,TRUE
F..CC.C.,60,0,84,81,2,1,-0.605329,85874.4,60,1.73188313637825e-17,TRUE
FC....F.,66,0,336,273,59,4,-0.558397,77654.5,66,2.18306616596219e-30,TRUE
..F.C..C,773,11,218,186,27,5,-0.560814,79327.1,64.4167,1.80515348449169e-25,TRUE
......IF,746,10,451,342,102,7,-0.578468,75330.1,67.8182,5.23718168954565e-28,TRUE
..C..F.Y,359,5,112,104,6,2,-0.649799,85318.2,59.8333,1.17770256351476e-19,TRUE
C...C.F.,245,3,204,182,20,2,-0.60566,83330.4,61.25,3.97549226187775e-29,TRUE
.C.LC...,566,8,171,150,19,2,-0.554386,81101.6,62.8889,5.91071081615518e-23,TRUE
F.C...F.,65,0,276,221,52,3,-0.578521,78203.8,65,1.65171117909939e-23,TRUE
F.C.F...,396,5,319,248,64,7,-0.561037,76155.7,66,3.76279004732515e-23,TRUE
......YV,993,13,755,525,217,13,-0.465994,70482.2,70.9286,6.88568249615562e-27,TRUE
C..FC...,440,6,258,220,34,4,-0.543802,79506.7,62.8571,9.23308585922813e-30,TRUE
FY.C....,728,10,347,271,70,6,-0.513855,75473.3,66.1818,1.20986203047004e-25,TRUE
....FC.F,61,0,121,104,15,2,-0.610708,81269.8,61,2.59275232516558e-15,TRUE
F....F.F,480,7,168,139,24,5,-0.734056,82295.1,60,2.12616445427132e-17,TRUE
C.....CF,812,12,234,195,36,3,-0.560005,79000.5,62.4615,2.02316054223403e-24,TRUE
.C.C.F..,309,4,360,317,37,6,-0.532545,79553.8,61.8,2.85385505905619e-47,TRUE
.F..C.F.,307,4,204,168,33,3,-0.60004,79929.4,61.4,2.42274849558988e-20,TRUE
.CIC....,252,3,177,145,32,0,-0.531436,77874,63,2.00332745066606e-17,TRUE
F.V.C.C.,57,0,59,55,3,1,-0.655893,85937.1,57,3.14462026341768e-11,TRUE
.CL.C...,234,3,207,188,17,2,-0.59937,83469.5,58.5,7.37686541663207e-32,TRUE
...CCF..,62,0,296,239,53,4,-0.546703,78437.1,62,3.74771619140507e-26,TRUE
YF......,68,0,936,667,258,11,-0.473858,71231.5,68,1.08703352711562e-38,TRUE
I.....F.,70,0,569,369,197,3,-0.470342,69059.8,70,1.39196437708837e-12,TRUE
C.F....F,599,9,163,142,19,2,-0.641113,80636.3,59.9,2.60569170412212e-21,TRUE
..C.CF..,59,0,264,227,35,2,-0.582401,81651.1,59,1.37286662756467e-31,TRUE
C...F.F.,187,2,146,122,22,2,-0.539884,77111.1,62.3333,5.03962451019091e-16,TRUE
I.V.....,80,0,1031,538,424,69,-0.35935,59776.7,80,0.161074174783411,FALSE
C.....FF,454,7,125,114,9,2,-0.687215,84264.2,56.75,3.18319168218337e-20,TRUE
FYC.....,183,2,294,248,45,1,-0.558154,78293,61,4.89794733726291e-32,TRUE
FY..Y...,464,7,151,136,15,0,-0.58451,81993.5,58,7.07326730289306e-23,TRUE
F...FF..,112,1,195,164,26,5,-0.750733,84869.7,56,1.66113427563019e-21,TRUE
Y.....F.,258,3,600,450,142,8,-0.48748,73619.7,64.5,1.73364324571783e-34,TRUE
.CC....F,237,3,279,235,41,3,-0.557737,79971.6,59.25,2.79952810976293e-30,TRUE
FC.C.C..,114,1,81,77,2,2,-0.552238,82960.7,57,5.0158962229322e-16,TRUE
.C....FF,289,4,144,123,21,0,-0.627718,81679.5,57.8,1.89590696444067e-17,TRUE
.CYC....,181,2,228,196,30,2,-0.512394,78221.6,60.3333,1.76482559131679e-27,TRUE
..CC...C,187,2,386,311,71,4,-0.474807,75256.1,62.3333,3.07010437908841e-33,TRUE
...CF..Y,452,7,107,97,8,2,-0.597456,82933.6,56.5,4.07892686482532e-17,TRUE
.....CCY,343,5,159,145,12,2,-0.567859,81867.1,57.1667,2.78325790734524e-25,TRUE
C.C.C..C,167,2,66,63,1,2,-0.545261,83515,55.6667,1.51893571195179e-13,TRUE
.Y.C..C.,242,3,283,224,53,6,-0.504758,76553.5,60.5,1.03770787877085e-22,TRUE
FY....C.,61,0,308,237,68,3,-0.515138,75390.7,61,3.11712338903718e-21,TRUE
YC..C...,232,3,207,180,25,2,-0.513299,79072.2,58,2.0651626407478e-26,TRUE
...C.CV.,63,0,387,295,87,5,-0.462852,72767.7,63,5.77801398188389e-25,TRUE
F.....FC,1484,25,259,217,39,3,-0.629871,80070,57.0769,1.53376763932279e-27,TRUE
....V..Y,62,0,815,609,193,13,-0.505177,73707.4,62,3.00661622818257e-45,TRUE
.YFF....,57,0,104,87,15,2,-0.582674,80130.7,57,6.69282798817692e-12,TRUE
F.V..Y..,222,3,191,171,18,2,-0.628411,82214.2,55.5,8.66037660500421e-28,TRUE
F.C.Y...,232,3,216,182,33,1,-0.53076,78584.6,58,7.48832350072468e-24,TRUE
...CCC..,224,3,394,365,21,8,-0.526639,81070.2,56,2.82419497850025e-64,TRUE
...I.Y..,64,0,405,283,108,14,-0.494473,70884.2,64,1.242633749116e-15,TRUE
.Y..F..F,215,3,92,83,9,0,-0.673145,84118.6,53.75,1.2095063078429e-14,TRUE
I...F...,130,1,621,412,193,16,-0.470652,69236.8,65,3.75820175374097e-16,TRUE
...L..C.,69,0,987,600,359,28,-0.418062,65187.7,69,1.2028847946792e-11,TRUE
C.VC..C.,54,0,62,56,4,2,-0.569935,83222.6,54,2.15306040070534e-10,TRUE
CF....F.,58,0,246,190,54,2,-0.584353,77283.3,58,1.3018500509651e-17,TRUE
.I.C.C..,118,1,198,156,38,4,-0.500003,75845.5,59,5.42288949037898e-16,TRUE
IY......,68,0,850,533,297,20,-0.411139,65372,68,1.27506078061504e-13,TRUE
F..F...F,2196,41,224,196,26,2,-0.734797,84849.8,52.2857,3.07483276426124e-29,TRUE
F.C....F,780,13,271,224,44,3,-0.60207,79520.9,55.7143,5.80002492576073e-27,TRUE
F...IF..,105,1,121,103,17,1,-0.751975,84288.3,52.5,1.09875085716125e-14,TRUE
F.V....Y,1275,23,186,170,14,2,-0.608739,83141.4,53.125,1.44010241989673e-29,TRUE
.CV....Y,172,2,226,180,42,4,-0.533541,76973.2,57.3333,4.94252587382919e-19,TRUE
..Y....C,64,0,928,651,248,29,-0.429309,68721,64,1.20154699843692e-34,TRUE
Y..F..C.,225,3,111,94,15,2,-0.537786,78069.8,56.25,2.70107646356651e-13,TRUE
..F.L...,65,0,626,399,212,15,-0.469703,67438.5,65,6.2206525666398e-12,TRUE
...CY..C,349,5,165,130,32,3,-0.490041,75317.4,58.1667,1.40622953715194e-13,TRUE
F.....VY,325,5,132,115,14,3,-0.57564,80149.6,54.1667,1.46594428975895e-17,TRUE
..CF.F..,159,2,210,181,27,2,-0.624055,81828.9,53,9.70536669446894e-26,TRUE
....CF.I,59,0,119,86,29,4,-0.515593,73394.3,59,1.18277193936624e-06,TRUE
C.C.CC..,50,0,68,67,1,0,-0.578361,86277.6,50,1.2075924222439e-15,TRUE
.F.C...F,492,8,243,200,41,2,-0.591496,78885,54.6667,7.38021157188234e-24,TRUE
...FC.F.,151,2,141,128,13,0,-0.686957,85181.6,50.3333,3.50073880108007e-22,TRUE
FF..Y...,321,5,180,154,24,2,-0.595733,79966.8,53.5,1.42067610087293e-21,TRUE
..CL.C..,207,3,131,115,14,2,-0.583911,82545.4,51.75,5.16484911964356e-18,TRUE
CF.C.C..,49,0,66,65,1,0,-0.615341,87126,49,3.33047757887505e-15,TRUE
F....I.Y,471,8,83,76,5,2,-0.602708,81405.1,52.3333,3.62646754878632e-14,TRUE
...YC..F,746,14,103,95,8,0,-0.655543,85241.9,49.7333,1.01381413303247e-17,TRUE
...C..CC,430,7,309,259,49,1,-0.529999,78577.6,53.75,1.34055695831074e-32,TRUE
..C.IC..,108,1,137,109,27,1,-0.569097,78147.2,54,4.50697646150295e-12,TRUE
CLC.....,163,2,165,137,25,3,-0.501217,77355.8,54.3333,2.14537446753901e-17,TRUE
CL.C....,889,16,185,164,20,1,-0.536091,80360.6,52.2941,7.48077138164553e-26,TRUE
F.I.F...,569,11,119,110,9,0,-0.745903,88274.4,47.4167,2.07023843410527e-20,TRUE
Y.F..C..,54,0,103,82,19,2,-0.531198,77459.5,54,1.84942201280619e-09,TRUE
F..C...Y,729,13,217,190,25,2,-0.572406,80193.5,52.0714,1.85130115226387e-28,TRUE
CF.....Y,265,4,184,148,35,1,-0.543258,78592.7,53,1.49693074174812e-16,TRUE
.F.C.F..,319,5,260,209,48,3,-0.58955,78295.4,53.1667,1.13994197970087e-22,TRUE
.F.F...F,396,7,145,125,18,2,-0.736022,84070.2,49.5,2.78754218686535e-18,TRUE
F...F.F.,297,5,195,165,26,4,-0.727162,84054.3,49.5,4.14171115516301e-22,TRUE
.C...CF.,107,1,230,189,35,6,-0.544428,77688.9,53.5,1.69093012802346e-22,TRUE
.Y..C..Y,295,5,121,113,8,0,-0.581688,83729.2,49.1667,1.35512027797928e-21,TRUE
F.Y....C,615,10,219,176,37,6,-0.479385,73608.8,55.9091,2.53361841114634e-19,TRUE
C.....VF,824,15,174,150,19,5,-0.567694,79856.5,51.5,1.27172846361765e-21,TRUE
FF..F...,386,7,252,214,33,5,-0.802509,85067.6,48.25,1.45139938962927e-28,TRUE
....CC.F,50,0,199,176,21,2,-0.588765,82076,50,2.08612911212149e-27,TRUE
..C.LC..,99,1,140,129,10,1,-0.586214,82831.9,49.5,2.00454557479993e-23,TRUE
F.F.F...,736,14,217,182,33,2,-0.720881,83424,49.0667,1.88336039641402e-23,TRUE
.Y.CC...,163,2,291,227,60,4,-0.490396,75315.2,54.3333,1.2331064074261e-21,TRUE
....GY.Y,101,1,65,58,7,0,-0.5215,80975.4,50.5,2.51970506886722e-10,TRUE
..V.F..F,469,9,125,113,12,0,-0.740959,87081.1,46.9,1.65941071261702e-19,TRUE
F...FY..,94,1,122,111,10,1,-0.733953,86734.3,47,1.38363024627994e-19,TRUE
...YC.C.,415,7,162,139,23,0,-0.525149,78509.1,51.875,7.95306632408003e-20,TRUE
.Y.....L,63,0,879,534,306,39,-0.400162,64613,63,1.83187785779457e-10,TRUE
FCC.C...,95,1,82,80,0,2,-0.57807,85333.9,47.5,7.07649484571076e-18,TRUE
C.C...CF,47,0,42,41,0,1,-0.597489,85961.2,47,6.73743601893276e-10,TRUE
F.V..C..,57,0,385,268,112,5,-0.478213,70864.7,57,1.40751800677315e-14,TRUE
.Y....VF,101,1,134,113,19,2,-0.581049,79905.5,50.5,1.9017558261281e-15,TRUE
.Y..F..Y,49,0,70,63,5,2,-0.60655,81989,49,2.1822269482713e-11,TRUE
F..C.F..,54,0,382,280,95,7,-0.528178,74374.7,54,8.44791767656056e-20,TRUE
F.CCC...,143,2,86,83,1,2,-0.552489,83963.4,47.6667,6.31906696961893e-18,TRUE
..CY..C.,213,3,172,133,36,3,-0.498368,75006,53.25,7.64171530614624e-13,TRUE
C.Y.C...,345,6,169,150,18,1,-0.553574,81034.7,49.2857,6.98801884839095e-24,TRUE
C....F.C,108,1,260,194,63,3,-0.498083,73703.3,54,2.05098328384311e-15,TRUE
.C.F..Y.,99,1,140,119,21,0,-0.577838,79873.6,49.5,1.20604108831144e-16,TRUE
.C..F.C.,100,1,219,178,41,0,-0.563866,79035.9,50,2.09074685562771e-20,TRUE
..Y.C..C,717,14,132,121,9,2,-0.58882,82536.2,47.8,1.02578319908222e-21,TRUE
..YC.F..,52,0,125,100,22,3,-0.506499,75815.8,52,1.97034447117992e-11,TRUE
FY.F....,148,2,254,206,43,5,-0.591302,78919.9,49.3333,3.62580972389883e-23,TRUE
.F...V.F,48,0,153,128,24,1,-0.657123,80973.8,48,8.28772240786807e-17,TRUE
...C..FC,692,13,209,176,29,4,-0.564571,78604.2,49.4286,4.53109650559844e-23,TRUE
FY.....Y,630,12,162,144,17,1,-0.563437,80153.9,48.4615,4.18382560777943e-23,TRUE
.CC....Y,100,1,206,173,27,6,-0.511372,77680.7,50,1.76882138741859e-22,TRUE
F..F...Y,799,16,176,153,22,1,-0.618574,82483.6,47,1.13572198618542e-22,TRUE
I.C.C...,248,4,160,134,24,2,-0.523947,78009,49.6,1.36388173692768e-17,TRUE
F.IF....,276,5,139,117,18,4,-0.691191,83785,46,7.76830583077813e-16,TRUE
FC.C...C,235,4,84,75,8,1,-0.559195,81979.6,47,5.9689137560766e-13,TRUE
F.FCC...,271,5,72,67,5,0,-0.626808,84487.9,45.1667,2.73640203175585e-13,TRUE
..IF....,310,5,592,422,153,17,-0.529669,73818.1,51.6667,3.88417537644117e-25,TRUE
..C.F..Y,93,1,94,84,8,2,-0.595267,81896.2,46.5,2.30213689382612e-14,TRUE
CC.CC...,89,1,85,82,3,0,-0.568397,85559.1,44.5,1.0461156944282e-17,TRUE
C..F...F,2346,49,162,141,21,0,-0.611051,80634.9,46.92,4.17622491926026e-21,TRUE
V...F...,57,0,1076,677,365,34,-0.426791,66255.8,57,2.35120783348357e-17,TRUE
FF.....C,196,3,379,291,83,5,-0.603017,76991.9,49,1.85886887413999e-25,TRUE
F......I,57,0,1174,708,435,31,-0.439133,65835.4,57,1.63096294804537e-12,TRUE
F...CF..,47,0,362,295,62,5,-0.603707,79822.4,47,4.34072681089212e-33,TRUE
......YC,429,7,861,617,225,19,-0.440668,69745.1,53.625,5.08464165237566e-37,TRUE
.Y.V....,56,0,1276,815,424,37,-0.424113,66781.6,56,3.76279004732515e-23,TRUE
.Y.CY...,146,2,132,107,25,0,-0.509493,76836,48.6667,9.52623646757506e-13,TRUE
..V...CF,245,4,226,174,50,2,-0.563264,75977.5,49,4.84509232847416e-16,TRUE
...Y..F.,246,4,628,487,131,10,-0.520349,75478.4,49.2,2.31575011754709e-43,TRUE
V.Y.....,57,0,749,465,260,24,-0.398254,65097.6,57,3.75094395374251e-11,TRUE
F....YF.,91,1,132,114,15,3,-0.637621,81477.1,45.5,6.50306814140701e-17,TRUE
....CC.Y,221,4,177,162,11,4,-0.579365,83745.7,44.2,2.21185369964596e-28,TRUE
.FL....F,88,1,79,65,13,1,-0.746062,84005.4,44,9.58303605551444e-09,TRUE
.CY...F.,47,0,109,93,16,0,-0.541891,78505.5,47,1.6402167949048e-13,TRUE
F..H....,62,0,848,467,332,49,-0.324185,59180.3,62,0.0031444502713058,FALSE
.YVY....,47,0,157,129,28,0,-0.547963,77822.2,47,7.58727341395428e-16,TRUE
..F..C.F,185,3,148,128,19,1,-0.587791,79071.7,46.25,6.83519953561604e-19,TRUE
CC.F....,518,10,331,265,64,2,-0.522754,77395.8,47.0909,7.58303414065032e-28,TRUE
F.C..C..,46,0,476,404,66,6,-0.54887,79116.4,46,2.71942923130457e-52,TRUE
.F.V..C.,52,0,211,136,74,1,-0.490792,69818.1,52,2.67607608154205e-05,TRUE
...CF..F,521,11,150,135,15,0,-0.655995,83528,43.4167,1.14883479541226e-22,TRUE
C.I....F,398,8,106,92,12,2,-0.615169,81373,44.2222,3.5629020604604e-14,TRUE
FY.V....,94,1,248,199,43,6,-0.524942,76313.5,47,1.65026787541856e-21,TRUE
F.FI....,265,5,113,95,17,1,-0.657183,81093.5,44.1667,4.37087784788365e-13,TRUE
F..V...F,816,17,184,144,37,3,-0.631568,78769.9,45.3333,1.76090863189121e-14,TRUE
F...Y..C,1051,22,212,173,38,1,-0.534452,77822.6,45.6957,3.47581973121506e-20,TRUE
F....FF.,45,0,173,130,41,2,-0.649769,78867.1,45,3.72841121621095e-11,TRUE
C.....CC,836,17,336,270,58,8,-0.498839,76407.9,46.4444,9.05324727741182e-29,TRUE
F..C...F,1367,29,319,259,56,4,-0.583653,77735.1,45.5667,7.84624383261276e-29,TRUE
F.F....F,615,13,213,175,33,5,-0.684956,80461.9,43.9286,6.16835434532457e-21,TRUE
...CLC..,133,2,174,148,26,0,-0.557482,79641.7,44.3333,2.27035274463269e-20,TRUE
C.L....Y,357,7,86,76,9,1,-0.534518,78998.8,44.625,1.10331063527013e-12,TRUE
....F.CC,1701,38,191,161,29,1,-0.595612,80682.8,43.6154,2.57156649892333e-21,TRUE
.CLC....,180,3,265,224,39,2,-0.51202,78024.5,45,2.547214369437e-29,TRUE
.CL.F...,92,1,146,115,28,3,-0.540529,76238.6,46,3.60425773689317e-12,TRUE
.Y.YC...,134,2,138,117,19,2,-0.528348,78107,44.6667,3.03160908387261e-16,TRUE
.C...C.C,46,0,391,321,67,3,-0.489307,75834.6,46,6.41543322469783e-37,TRUE
.C.F..F.,216,4,183,150,32,1,-0.620144,80678,43.2,5.20032724229293e-18,TRUE
F.....F.,46,0,1713,1281,409,23,-0.547778,74984.9,46,1.64836308997867e-93,TRUE
..C...CC,527,11,300,254,45,1,-0.508516,77791.6,43.9167,3.19116266486527e-33,TRUE
I.F.....,51,0,682,432,226,24,-0.439967,66737.8,51,3.18883826486128e-12,TRUE
FY....L.,89,1,166,131,32,3,-0.556977,76312.6,44.5,9.26037339825435e-14,TRUE
FF......,46,0,2423,1731,650,42,-0.538034,73171.7,46,6.77266164469355e-99,TRUE
...CV.F.,44,0,189,144,42,3,-0.579631,76434.3,44,5.9689137560766e-13,TRUE
F.F...C.,87,1,325,252,71,2,-0.588791,76949.4,43.5,3.10945777501272e-23,TRUE
.FIC....,173,3,132,106,25,1,-0.534854,77274.7,43.25,3.32850614526871e-12,TRUE
F...CY..,43,0,236,184,49,3,-0.565482,77611.5,43,8.5120785796763e-18,TRUE
.CV.Y...,45,0,203,153,50,0,-0.485725,72843.6,45,4.8590907070559e-13,TRUE
..F..F.V,44,0,151,106,44,1,-0.53201,73351.3,44,6.9016963489307e-07,TRUE
V.....F.,46,0,976,624,335,17,-0.457793,69089.1,46,3.13380308575248e-18,TRUE
L.F.....,49,0,799,476,302,21,-0.408433,64840.9,49,6.20638007736023e-08,TRUE
....Y.C.,44,0,917,651,253,13,-0.460811,71232.7,44,4.95532694034661e-37,TRUE
C.Y.....,45,0,1136,765,340,31,-0.411726,67684.6,45,1.43725793688297e-31,TRUE
C...Y...,44,0,1083,759,287,37,-0.422336,68845.8,44,6.8817428348586e-40,TRUE
L..Y....,218,4,576,381,182,13,-0.443271,68803.3,43.6,9.18925487155719e-15,TRUE
