MotifSeq,NumRFInstances,NumMissclassified,TotalPeptideCount,ToxicCount,NeutralCount,AntitoxicCount,AverageToxScore,AverageRank,MotifScore
...F...Y,4367,1,563,490,65,8,-0.551437,66987.4,2183.5
.Y.....Y,1608,0,627,549,70,8,-0.529763,66267.1,1608
F......Y,1459,0,977,827,135,15,-0.534193,65434.3,1459
...C...Y,1241,0,913,740,163,10,-0.496811,63510.1,1241
C.CC....,1022,0,356,327,22,7,-0.523644,68167.9,1022
CC.C....,772,0,416,373,42,1,-0.535042,68022.9,772
C..CC...,1468,1,324,295,26,3,-0.55865,69057.3,734
.F.....Y,768,0,673,543,119,11,-0.519292,64300.4,768
.C.CC...,665,0,356,331,22,3,-0.541045,68817.3,665
..C....Y,721,0,796,634,144,18,-0.482277,62883.3,721
.....F.Y,1847,2,516,455,52,9,-0.595474,68513.2,615.667
......YY,1229,1,282,260,19,3,-0.549682,68286,614.5
......VF,681,0,764,558,191,15,-0.488818,60712.3,681
.....Y.Y,1737,2,376,329,42,5,-0.55846,67045.2,579
C.C.C...,565,0,315,294,13,8,-0.522993,68033.6,565
F..CC...,590,0,405,324,75,6,-0.511127,64087.9,590
.....C.Y,556,0,816,659,147,10,-0.496252,63605.7,556
....Y..Y,519,0,355,307,40,8,-0.532344,66581,519
.....V.Y,529,0,616,465,140,11,-0.476479,61291.6,529
.C.....Y,519,0,1005,779,206,20,-0.477076,62442.1,519
C......Y,517,0,916,714,186,16,-0.473729,62485.7,517
CY.C....,917,1,272,241,28,3,-0.556056,68076.9,458.5
....Y..F,470,0,427,344,75,8,-0.540753,64386.2,470
.C.C..C.,420,0,328,304,21,3,-0.559898,69399.5,420
.C..C..C,1643,3,314,287,26,1,-0.580428,69853,410.75
...Y...F,2116,4,522,419,96,7,-0.546821,64478,423.2
F..C..C.,406,0,352,277,68,7,-0.496787,63145.4,406
.C.C.C..,381,0,381,345,34,2,-0.504326,66386.7,381
CC..C...,353,0,327,309,16,2,-0.594022,71590.6,353
....F..F,382,0,591,472,108,11,-0.590788,64992,382
F......F,391,0,1289,977,284,28,-0.546143,62477.6,391
...F...F,1110,2,737,577,151,9,-0.582972,64705.8,370
FY..C...,374,0,276,221,52,3,-0.523688,63630.6,374
C......F,379,0,1152,880,247,25,-0.495895,61815.3,379
.CC.C...,326,0,325,307,14,4,-0.546872,69236.8,326
Y..F....,355,0,588,424,153,11,-0.454793,59711.9,355
CC.F....,327,0,258,204,52,2,-0.499434,63845.9,327
...Y..F.,332,0,479,362,107,10,-0.500238,62260.1,332
...C...F,331,0,1247,927,296,24,-0.487049,61201.5,331
F...Y...,328,0,1001,764,221,16,-0.480495,61679.5,328
.CF.C...,286,0,223,197,23,3,-0.560121,67739.5,286
C.C....C,1730,5,271,241,25,5,-0.515545,66794.1,288.333
.C..C.C.,267,0,308,291,15,2,-0.556101,69698.3,267
.CCC....,265,0,440,389,46,5,-0.4992,66241.7,265
C..C..C.,738,2,295,274,17,4,-0.583879,70739.4,246
FC.C....,274,0,499,388,101,10,-0.48603,63022.3,274
...C.CC.,251,0,273,249,20,4,-0.519752,67610.2,251
C..C...F,2542,10,195,182,8,5,-0.604625,70272.2,231.091
......FV,273,0,805,520,268,17,-0.449656,57570.2,273
..F....Y,1196,4,448,373,68,7,-0.527738,65142.9,239.2
...CC.C.,452,1,298,266,21,11,-0.516506,66793.2,226
Y......Y,2732,11,359,307,49,3,-0.509803,65261.4,227.667
....F..Y,223,0,434,358,66,10,-0.518046,64692.3,223
CCC.....,213,0,390,354,27,9,-0.512081,66953.4,213
FF..C...,205,0,287,225,59,3,-0.563328,64281.9,205
..C.C.C.,200,0,284,257,18,9,-0.498884,65523.2,200
....C.CC,1271,6,239,221,16,2,-0.548132,68358.1,181.571
.....G.Y,223,0,647,429,202,16,-0.369442,55594.3,223
V......F,214,0,840,529,296,15,-0.43662,56467.9,214
Y.V.....,212,0,757,485,252,20,-0.419084,56518.8,212
..F....F,558,2,701,555,136,10,-0.566145,63913.6,186
.C.C...C,182,0,306,250,52,4,-0.480701,64124.3,182
C..CF...,1163,6,220,201,18,1,-0.583536,70037.5,166.143
......FY,183,0,376,300,69,7,-0.50482,63451.8,183
CC.....C,187,0,321,238,78,5,-0.436014,59749.1,187
F.C.C...,323,1,358,305,48,5,-0.543239,66477.5,161.5
....Y.Y.,173,0,283,231,48,4,-0.468328,62042.3,173
..CC.C..,155,0,328,300,25,3,-0.519236,67064.3,155
......FC,173,0,885,615,255,15,-0.4859,59999.6,173
VC.C....,176,0,317,221,92,4,-0.419778,58633.6,176
...Y..Y.,1103,6,354,302,50,2,-0.518667,65445.3,157.571
F..I....,174,0,817,541,259,17,-0.479077,58294.4,174
F.....Y.,164,0,842,637,195,10,-0.483099,61539.4,164
.C..C.F.,437,2,196,174,19,3,-0.590373,69251.1,145.667
CC.....F,1010,6,220,199,20,1,-0.607671,69777.2,144.286
...V...Y,1604,9,553,409,135,9,-0.478483,61432.6,160.4
...FY...,158,0,445,336,97,12,-0.493445,61761.7,158
..C.C..C,720,4,258,229,21,8,-0.509998,66545.7,144
F...C..C,2182,14,334,279,51,4,-0.540844,65245.8,145.467
......CY,151,0,727,552,165,10,-0.487007,62353.9,151
..CC...Y,1040,7,139,131,7,1,-0.583701,70296.3,130
F.C....C,742,4,347,259,82,6,-0.475738,60998.7,148.4
...Y...Y,3500,25,394,337,51,6,-0.520535,65725.6,134.615
CFC.....,133,0,243,208,31,4,-0.530452,66410.1,133
F.....CC,1596,11,315,265,45,5,-0.55368,65808.9,133
F..F.C..,132,0,275,228,41,6,-0.579527,66161.1,132
..L....Y,1201,8,345,285,56,4,-0.523371,65011.3,133.444
...FF...,136,0,643,477,150,16,-0.563828,63487.8,136
....C..F,140,0,1077,789,273,15,-0.495599,61303.4,140
....F..C,150,0,970,636,297,37,-0.434255,56892.6,150
F...Y.C.,128,0,148,125,23,0,-0.542523,66105,128
C...C.C.,124,0,284,252,28,4,-0.530241,67480.9,124
..FY....,135,0,489,363,117,9,-0.493489,61644.3,135
C..C...C,2415,19,296,264,28,4,-0.551779,68282.4,120.75
.F.C.C..,247,1,278,235,42,1,-0.54721,66470.1,123.5
F..Y....,132,0,1115,837,264,14,-0.500588,62041,132
...F..F.,130,0,730,534,183,13,-0.534064,62635.4,130
Y..Y....,405,2,445,330,98,17,-0.433797,59182.5,135
C..Y....,138,0,1046,708,307,31,-0.406829,57104.1,138
Y...Y...,378,2,364,274,82,8,-0.45253,60740.2,126
FY.....C,242,1,272,214,52,6,-0.507024,62755.7,121
F..C.F..,122,0,295,217,71,7,-0.51753,62015.9,122
.C...C.C,118,0,317,255,59,3,-0.481328,62989.3,118
....C..Y,115,0,800,651,133,16,-0.508763,64461.9,115
CYC.....,111,0,194,172,19,3,-0.525914,66691.5,111
.C....CF,439,3,201,167,33,1,-0.573934,66689,109.75
C..Y.C..,233,1,175,141,31,3,-0.461785,62781.3,116.5
....Y..V,142,0,661,367,257,37,-0.35685,51450.7,142
C..FC...,666,5,193,160,29,4,-0.524076,65427.1,111
F..C.C..,113,0,379,304,69,6,-0.490983,63144.4,113
C..C.F..,1615,15,226,204,21,1,-0.599183,70266.4,100.938
.Y.....F,114,0,773,579,182,12,-0.509369,62204.2,114
..CC...F,747,6,194,163,29,2,-0.543275,66150.4,106.714
F...C.C.,104,0,355,299,54,2,-0.543794,66144.5,104
C.F.C...,102,0,181,145,33,3,-0.554823,66419.8,102
FC.....Y,394,3,197,172,20,5,-0.569211,67354.8,98.5
..C....F,107,0,1058,767,273,18,-0.48703,61005.3,107
..C.C..F,286,2,163,142,16,5,-0.572002,68203.3,95.3333
C.C..C..,90,0,290,284,4,2,-0.596007,72162.9,90
......FF,1114,10,521,409,103,9,-0.573148,64121.2,101.273
...CC..C,99,0,281,231,43,7,-0.488687,64441.7,99
..C..C.F,94,0,150,131,16,3,-0.567115,67847.3,94
C...CC..,92,0,302,269,30,3,-0.541528,68315.9,92
FC..C...,464,4,411,359,45,7,-0.555446,67412.9,92.8
..C..C.C,91,0,250,217,32,1,-0.535294,67040,91
..VY....,104,0,869,593,255,21,-0.462863,58630.9,104
..CCC...,364,3,325,295,21,9,-0.501298,66532.1,91
.C.....F,99,0,1329,976,333,20,-0.487421,61145.5,99
..V....F,99,0,1054,738,298,18,-0.503215,60335.4,99
C..I....,114,0,815,458,313,44,-0.372379,52359.5,114
.I....Y.,98,0,324,239,82,3,-0.462686,60447.3,98
F...C..Y,602,6,157,142,12,3,-0.569758,68674.6,86
..IY....,282,2,308,231,73,4,-0.525273,62807.4,94
LY......,106,0,701,443,246,12,-0.390428,55471.2,106
C..CY...,866,9,160,144,14,2,-0.538517,67707,86.6
......LY,455,4,369,299,67,3,-0.538739,64278.6,91
FYC.....,89,0,214,182,31,1,-0.55506,65443.6,89
C.C....F,509,5,187,163,19,5,-0.569303,68491.4,84.8333
FC..C.C.,80,0,79,77,2,0,-0.62072,72622.4,80
V.....Y.,307,2,586,391,181,14,-0.404907,56511.9,102.333
..V....Y,728,7,807,632,165,10,-0.519188,63442.9,91
....C.CF,1002,11,162,147,14,1,-0.593223,68850.6,83.5
F.....CF,764,8,229,186,40,3,-0.628605,66192.5,84.8889
...L...F,1385,14,392,281,106,5,-0.517688,60765,92.3333
C.CY....,1182,13,171,153,14,4,-0.506654,66131.2,84.4286
....CCC.,84,0,264,230,26,8,-0.501477,66168.5,84
F....C.F,583,6,205,172,30,3,-0.574539,66060.2,83.2857
..C..C.Y,557,6,130,119,7,4,-0.564974,69047.7,79.5714
..CL....,98,0,692,439,234,19,-0.415093,55689.8,98
C...C..Y,849,10,147,134,11,2,-0.590202,70204.3,77.1818
C..C.Y..,1094,13,146,133,10,3,-0.568422,69059.4,78.1429
.C.C.F..,325,3,279,242,32,5,-0.521637,66076.7,81.25
.Y..C..C,673,7,213,177,32,4,-0.48515,63263.3,84.125
F.C....Y,857,10,182,162,16,4,-0.580566,68237.6,77.9091
C...C..C,1098,13,250,218,30,2,-0.543413,67585.1,78.4286
...F..Y.,328,3,505,390,111,4,-0.516498,63484.1,82
...CCC..,77,0,308,282,18,8,-0.519956,67523.7,77
......YF,1842,22,393,317,73,3,-0.526582,63861.8,80.087
..F.C.C.,151,1,176,154,20,2,-0.554638,67708.9,75.5
...C...L,95,0,1145,680,412,53,-0.373677,53708.9,95
C..CV...,933,11,311,258,51,2,-0.518456,65360.3,77.75
.Y.L....,88,0,570,380,174,16,-0.44407,57676.7,88
....V.F.,87,0,805,515,275,15,-0.469439,57730,87
.CFC....,77,0,277,226,48,3,-0.533658,65179.1,77
FC..C..C,202,2,62,60,2,0,-0.664996,74270.7,67.3333
.....CCY,146,1,118,107,10,1,-0.559525,68342.2,73
.C.C...L,1665,21,201,169,29,3,-0.51907,65715.1,75.6818
...F...V,96,0,1019,558,402,59,-0.3644,51664.7,96
C....F.Y,283,3,93,83,8,2,-0.596281,69758.9,70.75
...CC..Y,649,8,146,131,12,3,-0.540281,67604.1,72.1111
CF.C....,659,8,319,265,50,4,-0.53661,66326.6,73.2222
.F.....F,77,0,898,663,224,11,-0.554576,62409.1,77
C.F....F,361,4,128,110,16,2,-0.613775,66291.2,72.2
.C....YF,211,2,78,72,4,2,-0.590492,67806.9,70.3333
...YV...,89,0,888,531,299,58,-0.379934,53238.8,89
.....CCC,569,7,243,205,36,2,-0.529941,66543.4,71.125
F..CC.C.,66,0,71,68,2,1,-0.591221,71070.8,66
.F..F..F,197,2,96,83,11,2,-0.804098,71313.3,65.6667
...C.C.F,211,2,186,166,18,2,-0.52667,66327.2,70.3333
.CY.C...,200,2,141,130,10,1,-0.583154,69953.9,66.6667
.CC....C,76,0,319,241,72,6,-0.451404,61196.9,76
C.C...C.,209,2,296,266,22,8,-0.509863,66759.3,69.6667
..Y....Y,1425,19,336,293,37,6,-0.500224,64903.3,71.25
..YF....,77,0,508,367,124,17,-0.460478,59983.1,77
Y.....Y.,522,6,333,260,68,5,-0.467267,61718.6,74.5714
F...CC..,72,0,340,272,60,8,-0.503694,63486.2,72
.....FD.,85,0,690,421,252,17,-0.35247,53765.1,85
....Y.C.,77,0,730,507,211,12,-0.442549,59037.3,77
FC.C..C.,64,0,73,70,2,1,-0.588263,70793.6,64
..C...CF,332,4,171,149,21,1,-0.578617,67767.6,66.4
..CCY...,70,0,154,122,32,0,-0.489796,63901.2,70
.V.....F,78,0,633,419,203,11,-0.456142,57332.1,78
.Y..Y...,72,0,605,478,114,13,-0.473026,61863.4,72
F....C.Y,1031,15,156,143,12,1,-0.588983,68828.2,64.4375
C.C....Y,530,7,149,131,14,4,-0.518656,66789.7,66.25
.Y..F...,72,0,798,602,176,20,-0.479209,61197.9,72
.C..C..F,253,3,204,182,20,2,-0.596716,69126.9,63.25
F.C...C.,206,2,339,268,66,5,-0.509903,63514.7,68.6667
.Y.V....,79,0,1014,625,354,35,-0.398948,54792,79
.C.LC...,255,3,138,120,16,2,-0.547992,67659.6,63.75
F....CC.,67,0,333,270,60,3,-0.519714,64196.2,67
..V.C..Y,65,0,134,107,26,1,-0.555798,65644.7,65
...C.C.Y,688,10,156,140,15,1,-0.543523,67236.1,62.5455
C.C...F.,121,1,180,160,19,1,-0.56562,68671.2,60.5
...V..F.,72,0,739,472,252,15,-0.454981,57684.1,72
F..F...F,1529,25,167,144,21,2,-0.710998,69833.5,58.8077
C.FC....,776,12,229,203,26,0,-0.582706,68652.4,59.6923
F.C....F,973,15,196,165,28,3,-0.594954,66950.8,60.8125
C...C..F,537,8,193,170,18,5,-0.573572,68135.9,59.6667
....CVC.,65,0,223,172,48,3,-0.486544,62394,65
F...F.C.,368,5,220,182,32,6,-0.591176,65945.6,61.3333
F.V....Y,935,15,141,129,10,2,-0.603375,69035.6,58.4375
.FCF....,121,1,176,145,29,2,-0.60759,66455,60.5
.YV....Y,465,7,126,115,10,1,-0.583032,68872.1,58.125
.Y....F.,64,0,732,554,173,5,-0.507997,62526.9,64
CF..C...,63,0,289,223,62,4,-0.497886,63463.7,63
FCCC....,231,3,100,94,3,3,-0.545981,69219.2,57.75
..CYC...,179,2,152,133,17,2,-0.525291,66927.8,59.6667
..FI....,136,1,433,287,133,13,-0.48024,58725.4,68
.FV.F...,58,0,158,135,21,2,-0.612563,67974.4,58
..YY....,257,3,336,254,75,7,-0.465935,61340.3,64.25
F..Y..C.,182,2,161,127,34,0,-0.546541,64716.8,60.6667
...CF.C.,352,5,170,146,19,5,-0.534492,66612.2,58.6667
.C..C..Y,444,7,156,143,12,1,-0.584593,70219.1,55.5
F...CF..,59,0,275,222,48,5,-0.576901,65582.3,59
V.Y.....,73,0,582,345,213,24,-0.359589,52963.1,73
F.V.F...,285,4,185,157,27,1,-0.598954,67233.1,57
Y.....C.,68,0,769,501,248,20,-0.402944,56319.6,68
.Y.F....,63,0,942,672,248,22,-0.459671,59993.7,63
FCC.....,61,0,465,355,100,10,-0.466384,61893.5,61
.....CVF,463,7,150,129,20,1,-0.49934,64543.4,57.875
...C..CY,385,6,120,106,12,2,-0.557199,67798.7,55
F..F.F..,107,1,197,162,33,2,-0.673158,68502.8,53.5
CC..F...,174,2,214,166,46,2,-0.486662,62801.5,58
C..C..L.,272,4,157,136,20,1,-0.537,66569,54.4
......YC,501,7,670,463,190,17,-0.417004,57363.7,62.625
C..C....,57,0,2277,1797,448,32,-0.476742,62854.5,57
.F....F.,58,0,915,659,235,21,-0.531653,61668.6,58
.C...Y.Y,204,3,77,75,2,0,-0.580811,69891.2,51
.Y....Y.,58,0,573,444,121,8,-0.45985,61219.3,58
F.CCC...,100,1,69,66,1,2,-0.55623,70567.4,50
...YY...,276,4,324,260,57,7,-0.51153,63894.8,55.2
F.F..C..,55,0,245,197,44,4,-0.556462,64103.3,55
.C.FC...,150,2,211,190,19,2,-0.622718,70455.1,50
C..C..V.,223,3,292,231,57,4,-0.477436,63112.5,55.75
..LF....,59,0,585,384,190,11,-0.477298,58904.2,59
.F....Y.,57,0,606,440,160,6,-0.479523,60790.6,57
FC....F.,53,0,256,204,48,4,-0.545202,64529.6,53
F.CC....,585,10,426,333,87,6,-0.505606,63657.4,53.1818
F.VC..C.,95,1,51,47,3,1,-0.630843,71053.9,47.5
...C.FC.,146,2,187,161,25,1,-0.620708,69235,48.6667
.CYC....,155,2,178,149,27,2,-0.507637,65155.5,51.6667
F..FC...,453,8,252,208,40,4,-0.595625,66635.2,50.3333
C..CL...,878,17,153,135,16,2,-0.563887,68373.2,48.7778
...CFC..,196,3,200,180,20,0,-0.558013,68057.5,49
C..C..Y.,494,9,133,118,12,3,-0.535172,67370.9,49.4
C.LC....,581,11,182,160,20,2,-0.574228,68420.4,48.4167
..LY....,169,2,398,268,125,5,-0.45796,58701.1,56.3333
..Y...RY,47,0,35,34,1,0,-0.59665,70285.4,47
C.CF....,694,13,236,200,33,3,-0.526528,66080.3,49.5714
FC....C.,51,0,427,337,89,1,-0.516767,63427.7,51
.Y.C...Y,508,10,116,108,8,0,-0.589672,69903.1,46.1818
F.....F.,52,0,1275,932,320,23,-0.522768,61874.7,52
YF......,55,0,700,485,204,11,-0.445301,58390.8,55
.F..CF..,50,0,172,133,36,3,-0.577128,64171.8,50
CY.....Y,329,6,118,108,9,1,-0.557688,68113.3,47
.C.YC...,92,1,142,127,14,1,-0.571255,69125.6,46
.FV....Y,393,8,95,91,4,0,-0.68193,72721.2,43.6667
CCCR....,47,0,35,33,1,1,-0.502879,67560.7,47
C.CCC...,46,0,61,59,1,1,-0.524815,68949.4,46
C...L...,60,0,876,496,343,37,-0.364782,52689.9,60
.....IF.,52,0,413,283,123,7,-0.522074,60740.4,52
.C..Y.C.,97,1,137,112,24,1,-0.51889,64710.4,48.5
.C.C...F,427,8,225,193,27,5,-0.526986,66102.8,47.4444
YY......,53,0,570,402,155,13,-0.42759,59173.8,53
F.F..F..,46,0,175,142,32,1,-0.691833,68137.7,46
C.C...Y.,189,3,126,112,12,2,-0.503982,66170.7,47.25
.C.C...Y,1027,21,182,160,20,2,-0.536605,66861.9,46.6818
..L...F.,51,0,429,288,138,3,-0.516816,60450.9,51
.C.CF...,367,7,229,198,29,2,-0.543584,67200.9,45.875
.FV...F.,47,0,143,113,26,4,-0.574872,64937.7,47
.LV....Y,174,3,47,43,4,0,-0.611163,69890.9,43.5
Y.....F.,346,6,459,333,119,7,-0.460156,60536.3,49.4286
FY..F...,579,12,158,137,19,2,-0.59619,67130.9,44.5385
C.C..F..,45,0,214,185,27,2,-0.519422,66281,45
.F.FF...,43,0,94,76,16,2,-0.754729,69282.1,43
Y..C....,53,0,1037,662,349,26,-0.394889,55859.3,53
.F.C..C.,91,1,248,201,41,6,-0.523363,64938.2,45.5
F.CY....,712,15,180,155,24,1,-0.543119,66188,44.5
C..F.F..,235,4,157,123,30,4,-0.499865,62511.3,47
Y......F,1234,25,465,354,101,10,-0.501481,61622.7,47.4615
.CV.C...,234,4,351,265,83,3,-0.478163,62206,46.8
C.C....L,1006,23,148,133,14,1,-0.579404,69405.6,41.9167
F....F.Y,622,14,112,101,8,3,-0.660418,70101.5,41.4667
F...F..F,1028,24,136,121,11,4,-0.738631,70238.3,41.12
..C..C.V,48,0,208,155,51,2,-0.453955,60096.8,48
FC.F....,134,2,346,269,72,5,-0.558194,64537.9,44.6667
...Y..CC,956,21,128,110,17,1,-0.545134,66197.4,43.4545
..F...L.,50,0,544,340,195,9,-0.461852,56979.8,50
F.V....F,756,17,175,145,26,4,-0.644068,67550.6,42
C..C..F.,292,6,201,175,26,0,-0.579287,67730,41.7143
...C.YC.,124,2,117,105,11,1,-0.565487,67981.2,41.3333
.C.F.C..,42,0,258,213,42,3,-0.55962,66813.9,42
FY....Y.,43,0,110,92,17,1,-0.543462,65257,43
.CCCV...,41,0,59,57,2,0,-0.529426,67952.9,41
F...C..F,1290,30,206,172,32,2,-0.617172,66903.5,41.6129
..VY...C,45,0,132,99,31,2,-0.497953,61739.1,45
.....YF.,45,0,425,332,85,8,-0.492345,61613.7,45
..F.F.F.,79,1,79,67,11,1,-0.690256,70124.8,39.5
..FC...F,838,20,134,117,17,0,-0.665171,69320.5,39.9048
F.F...C.,129,2,230,178,52,0,-0.587172,64219.2,43
..VC...Y,1032,25,148,131,17,0,-0.596287,68734.8,39.6923
F.....VY,371,8,94,82,9,3,-0.542986,66043.8,41.2222
Y....Y..,46,0,371,262,96,13,-0.446725,59092.8,46
C..C.C.V,75,1,48,47,1,0,-0.600525,72345.7,37.5
F....CF.,165,3,184,149,30,5,-0.590786,65735.9,41.25
..F...FF,152,3,69,63,6,0,-0.754906,71016.9,38
.F.CF...,203,4,188,152,34,2,-0.582488,66435.5,40.6
F..F...C,957,22,277,217,53,7,-0.578287,64734.2,41.6087
L...F...,145,2,533,332,186,15,-0.418498,55651.9,48.3333
FC.CC...,147,3,70,68,1,1,-0.626325,73136.9,36.75
F.F.C...,439,10,254,216,37,1,-0.591072,66940.8,39.9091
...C.F.Y,380,9,91,82,8,1,-0.621376,69977.7,38
.Y....I.,49,0,467,273,174,20,-0.408546,54124,49
.C.F..Y.,120,2,100,85,15,0,-0.547342,66088.5,40
..VC..C.,42,0,291,216,70,5,-0.498928,62871.9,42
.F.....I,49,0,662,378,263,21,-0.415611,53775.4,49
C..C...I,1351,33,138,118,19,1,-0.523962,66209.3,39.7353
.F..C.C.,164,3,236,191,39,6,-0.517879,64023.4,41
...IY...,416,9,285,222,58,5,-0.524395,63044.7,41.6
.CC....F,157,3,216,180,33,3,-0.544933,66447.1,39.25
....CYC.,41,0,125,101,24,0,-0.507134,63530.7,41
F.F.F...,266,6,153,128,23,2,-0.681861,68341.2,38
.C.F...Y,932,24,98,91,5,2,-0.580601,69460.5,37.28
..C...CC,677,16,235,197,37,1,-0.501959,65008.6,39.8235
F.....VF,820,20,144,122,21,1,-0.581385,66011.4,39.0476
F.V..Y..,38,0,149,131,16,2,-0.614783,67795.6,38
F..CY...,608,14,179,149,28,2,-0.504718,63532.6,40.5333
.CFY....,115,2,105,88,17,0,-0.562417,66385.3,38.3333
....I..Y,208,4,324,245,69,10,-0.499421,61131,41.6
F..C...F,1272,31,241,191,47,3,-0.550039,63666.2,39.75
F.I.....,43,0,905,604,272,29,-0.484013,58827.8,43
.Y.VY...,178,4,74,71,2,1,-0.622535,70941.5,35.6
...FC..C,597,15,174,146,25,3,-0.592772,67673.9,37.3125
.C..FC..,39,0,228,183,42,3,-0.520013,64744.2,39
..FFF...,68,1,58,53,5,0,-0.766176,74129.6,34
...FCC..,37,0,180,154,23,3,-0.562117,67990.3,37
C..C...Y,952,25,152,134,18,0,-0.565293,68667.1,36.6154
FYV.....,38,0,248,207,38,3,-0.561867,65711,38
...C.CV.,81,1,302,233,64,5,-0.451464,61016.4,40.5
.C..C..I,519,13,122,106,14,2,-0.532545,66439.7,37.0714
F..C...Y,921,24,170,146,22,2,-0.555972,66392,36.84
F..YC...,439,11,175,151,21,3,-0.562725,66836.8,36.5833
C..C.L..,1097,29,148,129,17,2,-0.551466,66825.7,36.5667
FFF.....,38,0,176,136,37,3,-0.603028,64286.1,38
...VF...,44,0,766,454,291,21,-0.420067,55500.8,44
..CC..C.,111,2,313,269,35,9,-0.508278,65802.4,37
CI.C....,588,15,158,137,17,4,-0.532736,66095.2,36.75
....FF..,39,0,665,475,175,15,-0.534041,62160.9,39
....F.H.,45,0,476,293,160,23,-0.363202,53445,45
.CL.C...,245,6,161,144,15,2,-0.571305,68382.6,35
FF..F...,450,12,176,146,25,5,-0.750943,68902.5,34.6154
.Y..C..Y,235,6,89,83,6,0,-0.592388,70811.5,33.5714
.C.CL...,428,11,193,166,25,2,-0.537681,66279.9,35.6667
C.C.Y...,248,6,127,109,16,2,-0.525164,66687.1,35.4286
CY..C...,221,5,246,198,43,5,-0.503968,64143.7,36.8333
F...F...,38,0,1375,1013,324,38,-0.525396,61665.5,38
....FY.V,37,0,55,43,9,3,-0.552526,63151.9,37
..CF...F,369,10,116,100,16,0,-0.670541,69620.3,33.5455
..CFC...,170,4,206,179,24,3,-0.58627,68545.2,34
..CCL...,177,4,145,123,20,2,-0.532776,65715.5,35.4
F.....CY,545,15,152,131,20,1,-0.589914,68162.8,34.0625
FY.....Y,346,9,125,111,13,1,-0.56574,66929.4,34.6
.Y..F..I,74,1,62,45,15,2,-0.505568,62147.6,37
.LC.C...,74,1,118,89,27,2,-0.470336,62064.8,37
....Y.F.,361,9,411,308,99,4,-0.512513,63219.3,36.1
..IC.C..,37,0,114,87,25,2,-0.481255,61657.1,37
...YC.C.,346,9,125,108,17,0,-0.522969,65872.3,34.6
F..Y.Y..,34,0,79,68,9,2,-0.595679,66952.7,34
..FC.C..,35,0,211,179,27,5,-0.507803,64747.1,35
F......L,42,0,1133,650,450,33,-0.406173,53741,42
F...FC..,35,0,220,172,41,7,-0.564043,63849.2,35
...C.CF.,65,1,173,152,19,2,-0.572486,68668.1,32.5
.V....Y.,40,0,454,289,152,13,-0.397034,55660.5,40
FF....F.,99,2,184,148,31,5,-0.685552,67285.1,33
..Y.C..C,359,10,97,87,8,2,-0.564541,67878.1,32.6364
F.FV....,242,6,175,141,32,2,-0.557791,63844.8,34.5714
.I..Y...,39,0,346,231,108,7,-0.427004,56587,39
.C.F..C.,276,7,214,164,49,1,-0.525971,63935.1,34.5
F.....GY,870,24,144,124,19,1,-0.474074,63356.9,34.8
FY..Y...,320,9,111,99,12,0,-0.587695,68860.4,32
C....FV.,39,0,201,135,61,5,-0.429124,56335.8,39
C.C.F...,324,9,164,142,19,3,-0.547819,67780.3,32.4
F....V.Y,597,17,125,108,15,2,-0.543757,66076,33.1667
F...Y..F,649,19,76,68,8,0,-0.627665,67397.9,32.45
FF.....C,244,6,284,210,69,5,-0.546676,62538.8,34.8571
CC....F.,68,1,197,154,40,3,-0.505492,63721.8,34
F.C.C.C.,31,0,63,59,3,1,-0.579587,69819.6,31
C.CL....,739,22,114,96,16,2,-0.535604,67201.7,32.1304
F.CC..C.,92,2,64,58,5,1,-0.583249,70149.1,30.6667
...C.FV.,73,1,211,141,66,4,-0.466189,58923.8,36.5
CCC.C...,64,1,62,58,3,1,-0.499223,67146.7,32
.CVCC...,127,3,61,55,5,1,-0.53031,67669.1,31.75
FF...I..,34,0,112,87,22,3,-0.54326,62821.6,34
CCCF....,60,1,46,43,1,2,-0.599097,71176,30
.FL.F...,32,0,61,49,11,1,-0.640649,66398.2,32
F.VY....,402,12,161,137,22,2,-0.627065,68442.8,30.9231
C.F..Y..,34,0,92,68,23,1,-0.512561,62123,34
...FC..F,492,15,123,107,15,1,-0.646239,68588.3,30.75
...C..CF,1057,33,183,156,24,3,-0.590005,67831.4,31.0882
F..F...Y,741,23,121,106,14,1,-0.590753,67999.1,30.875
....Y..C,296,7,712,478,213,21,-0.407826,56737.1,37
F.C.Y...,128,3,168,141,26,1,-0.515253,65479.9,32
.Y....L.,37,0,704,448,240,16,-0.423855,56402.3,37
C.YC....,464,14,128,111,17,0,-0.550395,67396.2,30.9333
.FC.C...,93,2,215,186,25,4,-0.570399,67089.9,31
...C.C.L,67,1,189,142,45,2,-0.458743,61695.2,33.5
.C..C.L.,268,8,157,134,22,1,-0.600753,69235,29.7778
F...L...,37,0,919,558,346,15,-0.439052,55427.1,37
.CY...F.,62,1,87,74,13,0,-0.544914,65973.2,31
.YY.....,34,0,473,345,123,5,-0.448866,60096.2,34
.F.F....,34,0,1119,760,338,21,-0.508566,59981.4,34
.C.C..CV,169,5,53,51,2,0,-0.609194,72230.3,28.1667
Y..F..C.,191,5,80,67,12,1,-0.506788,63790.6,31.8333
FY.V....,65,1,187,146,36,5,-0.498769,62369.9,32.5
F....FG.,36,0,240,158,75,7,-0.418927,56294.9,36
..LC.C..,61,1,168,142,25,1,-0.535116,66435.1,30.5
..FF....,33,0,792,556,215,21,-0.516357,61390.6,33
....CF.Y,140,4,91,84,6,1,-0.673752,72344.4,28
C..C...L,983,31,179,147,28,4,-0.517158,65792.4,30.7188
V...FF..,32,0,86,63,23,0,-0.54466,63142,32
FF..I...,90,2,111,93,16,2,-0.678302,67320.6,30
.F.IY...,30,0,46,40,3,3,-0.608796,67077,30
...F.CC.,235,7,193,163,30,0,-0.594972,68419,29.375
.C.C..Y.,150,4,130,110,19,1,-0.530191,66810.7,30
I...F...,175,4,456,290,153,13,-0.439022,56566.4,35
CRCC....,28,0,31,30,0,1,-0.572395,70671.1,28
F...IF..,222,7,93,83,9,1,-0.744681,71236.6,27.75
..C....L,36,0,911,565,317,29,-0.396369,54663.9,36
.CV.C..C,114,3,59,55,4,0,-0.551826,68794.9,28.5
C.....CC,650,20,273,215,52,6,-0.481995,63232.9,30.9524
.F...C.C,32,0,219,167,48,4,-0.472656,61130,32
...CC..F,177,5,197,161,32,4,-0.548479,66258.3,29.5
..C.C..Y,168,5,130,117,9,4,-0.578578,69805.2,28
....FV.Y,85,2,52,48,4,0,-0.578905,68801.1,28.3333
..F..C.F,90,2,109,92,16,1,-0.556775,64660.5,30
F..Y...Y,810,28,88,81,7,0,-0.595627,69340.7,27.931
.F...YF.,59,1,65,54,10,1,-0.603838,65612.8,29.5
...YC..F,522,18,78,71,7,0,-0.645502,70389.9,27.4737
V..YF...,28,0,44,39,5,0,-0.619717,69059,28
FY.F....,119,3,185,149,31,5,-0.567837,64929.6,29.75
F.I....Y,464,16,65,60,5,0,-0.651114,70339.4,27.2941
CL.C....,515,17,142,124,17,1,-0.52657,66957.3,28.6111
FY.C....,278,8,263,200,57,6,-0.489927,61909.4,30.8889
Y.F..Y..,55,1,42,39,2,1,-0.609244,69436.2,27.5
...CF..Y,388,13,79,71,6,2,-0.592641,68829.6,27.7143
V..C.C..,346,10,247,189,56,2,-0.446597,60614.7,31.4545
C.....YY,142,4,59,54,4,1,-0.514161,66855.6,28.4
FF.....Y,369,12,127,108,17,2,-0.59609,66850.9,28.3846
...FF..Y,106,3,43,40,3,0,-0.687619,71559.1,26.5
FV.Y....,89,2,100,80,20,0,-0.5172,63920,29.6667
.Y..V.F.,113,3,90,74,16,0,-0.604177,66995.9,28.25
.Y.CF...,90,2,137,109,26,2,-0.491145,63025.8,30
.Y...FL.,58,1,67,57,9,1,-0.543442,65024.2,29
CF.....F,482,16,168,141,24,3,-0.598976,66505.3,28.3529
.Y....YC,356,11,91,77,13,1,-0.503593,63500.1,29.6667
.CLC....,204,6,211,176,33,2,-0.494797,64555,29.1429
.F.CC...,323,10,288,228,56,4,-0.498319,63796.6,29.3636
F.VF....,144,4,249,189,59,1,-0.566303,65035.3,28.8
C.....FF,691,25,89,80,7,2,-0.675831,70037.2,26.5769
..CF..C.,171,5,200,166,32,2,-0.543222,65305,28.5
...CY.C.,460,16,116,102,14,0,-0.576674,68555,27.0588
C..LC...,510,17,132,106,24,2,-0.522881,65400.5,28.3333
.YC....C,119,3,165,124,40,1,-0.47736,61917.6,29.75
..Y....F,442,14,366,278,81,7,-0.511737,62471.2,29.4667
F..Y...C,1349,48,162,137,24,1,-0.56564,66498.2,27.5306
.Y.FY...,53,1,47,44,3,0,-0.56964,69036.7,26.5
.CF....Y,132,4,87,78,9,0,-0.593626,69097.7,26.4
.F.F...F,344,12,108,91,15,2,-0.69327,68818.5,26.4615
.C...C.Y,359,12,179,150,27,2,-0.52398,65921.7,27.6154
.Y...YG.,60,1,109,83,22,4,-0.426813,60579.4,30
F.V..F..,27,0,221,184,34,3,-0.609587,66727.8,27
C..C...V,1082,37,275,214,59,2,-0.478216,62978.4,28.4737
CCL.....,91,2,198,139,55,4,-0.425185,59042.8,30.3333
..Y...V.,33,0,631,379,230,22,-0.381207,54100,33
C...C.F.,129,4,156,137,17,2,-0.594457,69092.4,25.8
FF..Y...,269,9,132,113,17,2,-0.570505,66250.9,26.9
YCF.....,244,8,99,86,13,0,-0.535412,65725.3,27.1111
.CC.Y...,27,0,149,124,23,2,-0.51973,65885.9,27
...FC..Y,272,10,95,89,4,2,-0.630765,71414.1,24.7273
.CC...F.,108,3,211,169,42,0,-0.533916,65382,27
FY..I...,83,2,93,72,18,3,-0.548498,63735.6,27.6667
F..VY...,418,15,112,96,16,0,-0.588729,67490.6,26.125
.F.FC...,184,6,175,141,33,1,-0.6256,67004,26.2857
.C.FF...,108,3,152,119,29,4,-0.552573,64635.2,27
C.F....Y,481,18,70,64,6,0,-0.563609,68853.9,25.3158
.FY.....,29,0,497,347,143,7,-0.464608,60043.2,29
....C.FF,449,17,89,79,9,1,-0.652471,69735.8,24.9444
..C..F.Y,321,12,89,82,5,2,-0.616998,70274.8,24.6923
F.I.V...,486,19,108,94,13,1,-0.713184,71364.1,24.3
F.I...F.,52,1,88,69,18,1,-0.625591,66272.1,26
FC..F...,357,12,300,230,60,10,-0.5228,62739.5,27.4615
F.F...L.,207,7,120,99,19,2,-0.657617,66541.2,25.875
.C.C.I.V,50,1,31,29,1,1,-0.547559,68794.7,25
F.....YF,521,20,68,61,7,0,-0.679271,69277.9,24.8095
F.CF....,425,15,306,242,60,4,-0.562488,64583.8,26.5625
....C.FY,76,2,57,48,8,1,-0.570028,67347.4,25.3333
..CF..V.,56,1,174,123,47,4,-0.483424,60886.4,28
.CC.F...,26,0,206,171,32,3,-0.515892,65552.2,26
..F...CY,127,4,77,68,7,2,-0.558924,66968,25.4
.CF....F,201,7,163,141,22,0,-0.606607,67628.7,25.125
F.IY....,344,13,72,66,5,1,-0.598738,69144.6,24.5714
..CCC..C,25,0,51,46,3,2,-0.515475,67730.4,25
.FV....F,150,5,154,126,27,1,-0.666539,67593,25
...LYC..,26,0,54,47,7,0,-0.52035,64988.1,26
..CF...Y,631,24,98,87,9,2,-0.543696,66718.4,25.24
..YCC...,105,3,135,110,24,1,-0.500361,64132.3,26.25
V...F..F,299,11,76,67,9,0,-0.59183,67436.9,24.9167
...Y.V.F,193,7,69,60,9,0,-0.639382,69578.5,24.125
.F...FD.,28,0,98,71,25,2,-0.446696,59826.6,28
...F.C.C,182,6,193,154,38,1,-0.521083,64311.3,26
IY.....Y,75,2,43,38,5,0,-0.573332,66793.2,25
Y.F.....,250,8,519,385,125,9,-0.456665,59984,27.7778
...F.C.F,265,10,120,103,15,2,-0.645725,69094.9,24.0909
.CCCC...,50,1,62,60,1,1,-0.483345,66511.6,25
Y..C.C..,162,5,184,143,36,5,-0.452699,61454.5,27
..C.L.C.,26,0,118,92,25,1,-0.531897,63631.9,26
...Y.C.Y,490,19,74,68,4,2,-0.518733,67264.6,24.5
C.....CF,908,35,184,151,30,3,-0.538822,65133.3,25.2222
C..C...G,313,10,311,211,96,4,-0.404089,57667.7,28.4545
.Y.C...F,354,13,146,116,27,3,-0.553582,64832.4,25.2857
..C..CL.,76,2,135,114,18,3,-0.509029,64679.1,25.3333
....F.CC,985,39,143,118,24,1,-0.573727,66465.6,24.625
..Y.C...,27,0,745,549,183,13,-0.458571,60521,27
....IF..,28,0,459,301,134,24,-0.495531,58241.8,28
CC..L...,134,4,168,127,38,3,-0.453991,60706.5,26.8
I.C.C...,150,5,134,113,19,2,-0.511324,64939,25
Y...CC..,79,2,139,109,27,3,-0.449789,61569,26.3333
F...Y..C,1591,63,164,134,29,1,-0.52576,65114.8,24.8594
V..C...F,1004,38,159,118,39,2,-0.515041,62610.9,25.7436
FY.....F,102,3,153,117,33,3,-0.52577,62893.6,25.5
..VY.V..,25,0,101,74,24,3,-0.57692,64145.4,25
FC.Y....,99,3,243,193,48,2,-0.535879,64657.8,24.75
C..CI...,625,25,116,101,14,1,-0.545235,66450.4,24.0385
FC..Y...,296,11,199,165,33,1,-0.517305,64724.6,24.6667
L.Y.....,57,1,429,267,151,11,-0.404313,55857.3,28.5
Y.V.C...,157,5,123,91,28,4,-0.469088,60494,26.1667
FR....F.,28,0,83,51,32,0,-0.441022,56444,28
.CV.Y...,26,0,161,119,42,0,-0.46944,60152.1,26
.Y..C.Y.,49,1,95,78,14,3,-0.482546,63014.2,24.5
C..C..R.,279,10,195,147,46,2,-0.450857,60598.4,25.3636
I......F,1013,38,464,319,135,10,-0.464742,58730.6,25.9744
CC.Y....,219,8,183,138,43,2,-0.465387,61743.7,24.3333
L..Y....,300,11,444,294,139,11,-0.429347,57884.4,25
F.Y...H.,120,4,72,54,17,1,-0.455656,59977.4,24
...L.Y..,25,0,364,245,106,13,-0.424851,57399.9,25

