sequence,score,toxicity
GGNNSCVCG,-1.5314789170422551,toxic
GCCDRCYSF,-1.863322860120456,toxic
GVGDCNCGY,-1.8232878766757434,toxic
GCGFGYDYN,-1.7442929831226763,toxic
GRCDCCGLC,-1.5622928644564746,toxic
GGYDCICCR,-1.6092385759550858,toxic
GCYSVHYDG,-1.6258267132857112,toxic
GCYDGFYCD,-1.3117538610557542,toxic
GCGHCDYCC,-1.4533183400470377,toxic
GYCRCDGCI,-1.448878011736493,toxic
GCNYCVFRD,-1.3901497642457858,toxic
GCCGCRDCV,-1.3053513694466237,toxic
GCSRCVYLD,-1.3521825181113625,toxic
GCCDHFDYV,-1.3010299956639813,toxic
GCCCDFCSH,-1.312929218963689,toxic
GFYDSSYDG,-1.3416627602750302,toxic
GCDSCVRLC,-1.3034360654298596,toxic
GCDRYCYCC,-1.317599097097174,toxic
GCDSCRYFC,-1.2976763536563933,toxic
GFCCGCCDR,-1.2587056809417,toxic
GLILCYNRD,-1.255272505103306,toxic
GCSFCRFDC,-1.2833012287035497,toxic
GCNFCNCNC,-1.1760912590556813,toxic
GDLSIDDVG,-1.2174839442139063,toxic
GCDVCNFRC,-1.1958996524092338,toxic
GNCCDFCHI,-1.2130748253088512,toxic
GCYNNCYCC,-1.135662602000073,toxic
GDDRCCYCC,-1.1760912590556813,toxic
GCCYCIRND,-1.1949766032160551,toxic
GCCRDCCYY,-1.174018250432816,toxic
GHFDLIRDV,-1.1835334518741474,toxic
GCCCFGCRD,-1.1553360374650619,toxic
GCDCYCCGR,-1.1233849085396783,toxic
GCFCCRYDG,-1.1285428608771253,toxic
GCYYCRIGD,-1.1249387366083,toxic
GDCCGCRCC,-1.1186897873312984,toxic
GCDSCCCHY,-1.0569048513364727,toxic
GHGGHDCCV,-1.1113659294190261,toxic
GFCDRCNFC,-1.10162211509587,toxic
GCDSCGRCV,-1.111850362800993,toxic
GCDICSRCI,-1.0606978403536116,toxic
GCCNDCGRC,-1.0543576623225928,toxic
GCSRCCDCV,-1.0969100130080565,toxic
GCYCDCYGH,-1.0,toxic
GCNNCNCCF,-1.0511525224473812,toxic
GCNFCCCSN,-1.0708770832590455,toxic
GCRNCDGCF,-1.0492180226701815,toxic
GCGCCYRLD,-1.0502742724374596,toxic
GDFNRICIY,-1.0304893221479003,toxic
GCYCNCSGC,-1.0472748673841794,toxic
GCSLCCCRD,-1.0644579892269184,toxic
GCHFCDYHC,-1.0444191397884128,toxic
GCGYCVCRD,-1.0302848039044676,toxic
GCFNCCYSN,-1.027058232734036,toxic
GCFDCHCCH,-1.016670064930545,toxic
GDNCHYCFI,-1.0156391343071751,toxic
GNNIVCFSN,-0.9678153166285988,toxic
GCCRCNICD,-1.0188853441603738,toxic
GCRDCCNIC,-1.0128372247051722,toxic
GIDLLHSDN,-0.9344984512435677,toxic
GCDHCGCCY,-0.9930880055836699,toxic
GDCCYHCFH,-0.9756406541405553,toxic
GYCRYCDGC,-1.0045476277507206,toxic
GCRCCGCDV,-0.9802559418042428,toxic
GGCDCCYRL,-0.9884740176094413,toxic
GCSCCDICR,-0.983561856521063,toxic
GCDCSLCNH,-0.9420080530223133,toxic
GCYFCSINN,-0.9852767431792937,toxic
GDNVFCCRI,-0.9712758487381052,toxic
GYFDDLLSS,-0.9444826721501687,toxic
GCRLCICND,-0.965237893740788,toxic
GCNSCGGCY,-0.9510135393091264,toxic
GSYYFYVRD,-0.9437770757611599,toxic
GDCCHYCNI,-0.9402317949965102,toxic
GNCGNCCGC,-0.9402317949965102,toxic
GCDCCFFSN,-0.961956646212765,toxic
GCCGCSCRD,-0.9531688513352613,toxic
GSCDCLCCR,-0.9565618446280945,toxic
GRICCFCSD,-0.9431346281855675,toxic
GCCYDCCGH,-0.9440712135860867,toxic
GYCSFCSNC,-0.953463505675475,toxic
GCCRFNDFS,-0.9176487071628685,toxic
GCCDCYCCR,-0.9257539716278873,toxic
GCRDCFYCS,-0.9459985357551179,toxic
GDDGSLCFI,-0.9319661147281727,toxic
GCVSCNFCN,-0.9220578260679236,toxic
GCNYCRYDL,-0.9355420107730815,toxic
GDHLYCHVS,-0.9030899869919435,toxic
GCSRLCDFC,-0.9305282353388832,toxic
GCYRDCCCY,-0.9257539716278873,toxic
GCCSSCSGC,-0.9333315150773427,toxic
GCCCDVCSR,-0.9072459467631013,toxic
GCLDCRSCC,-0.9311772053706314,toxic
GCDNCGCCL,-0.9030899869919435,toxic
GCCSYLCRD,-0.9186021531701911,toxic
GCSGCCCDC,-0.91204482964487,toxic
GNRFDIGLF,-0.9118836515090794,toxic
GCCDCRCGV,-0.9093690527338442,toxic
GCCVCCRND,-0.9017638959405506,toxic
GNCLCGYCD,-0.9002970868077735,toxic
GDCYGCCSR,-0.8808135922807914,toxic
GDCCRVCSY,-0.8573324964312684,toxic
GNLSGFSDG,-0.8903327565341937,toxic
GCCIDCGNC,-0.8789046024734603,toxic
GDCYSCRCF,-0.8818513334720515,toxic
GCDLCNRLI,-0.8729882547688348,toxic
GFRCDFCSC,-0.870208760597288,toxic
GCCYDCCCN,-0.8729375697618446,toxic
GCCYCDCRS,-0.870208760597288,toxic
GYRCICGDC,-0.8394209071225663,toxic
GCDLCIRSC,-0.8588863244998901,toxic
GCCDGCRYV,-0.8628268069746884,toxic
GFRDHIFDC,-0.8166095022028192,toxic
GCCYINCRD,-0.8388490907372553,toxic
GDCNCFIFN,-0.8333065152846988,toxic
GCCDCSFRF,-0.8483511974119787,toxic
GDSCCFCRC,-0.8486289089093901,toxic
GCIYFCDRS,-0.8318361093464199,toxic
GDSCCRCIC,-0.8438300260276214,toxic
GYYCLSCDR,-0.820555098936731,toxic
GCCHCCYSD,-0.8312609391983408,toxic
GRCCYCDGI,-0.8073094791248571,toxic
GCYCNDCHF,-0.7871060930365701,toxic
GFCICRCDN,-0.8016323462331666,toxic
GRCCDVCCG,-0.8275561065615049,toxic
GDCCGRCSN,-0.8255759003117817,toxic
GCGCIRCDY,-0.8129133566428556,toxic
GFFDCRCCS,-0.8044801891059928,toxic
GCCGCISRD,-0.7832908900360547,toxic
GCCDCRCDR,-0.7865844179205064,toxic
GCNCDGCRG,-0.8008152350195874,toxic
GNCNVFDLS,-0.7883704155653297,toxic
GSCCCHGDV,-0.7403626894942439,toxic
GGLDCRCCC,-0.7981683639055308,toxic
GCVRCDCSC,-0.7909884750888159,toxic
GSDRYYYFF,-0.7935716092511375,toxic
GSDCFICCR,-0.7809263044384158,toxic
GCRCCFSDL,-0.7809263044384158,toxic
GCRDCICSC,-0.7683914130944874,toxic
GDDICFNYG,-0.7781512503836436,toxic
GDHLSGHGV,-0.7810369386211318,toxic
GCNNCFCDC,-0.7676858167054786,toxic
GCFCGRCCD,-0.7767011839884108,toxic
GVCLRCYSD,-0.7708520116421442,toxic
GYGDYCINH,-0.7672933227954353,toxic
GCCCGCNLN,-0.7690078709437739,toxic
GCCSCLYNS,-0.7719469379823588,toxic
GNGDYYCSI,-0.7514990556122034,toxic
GGICDCRCC,-0.7700333601614642,toxic
GCNCCDCRG,-0.76960747684035,toxic
GCDCCGSCR,-0.7707844749835985,toxic
GGRCDCCCY,-0.7576544220666905,toxic
GYCDGCVCR,-0.7558748556724915,toxic
GCSCGCGSC,-0.7418225042532868,toxic
GHSDCYCCV,-0.7415574481071874,toxic
GYDCLSRYY,-0.7437823487523811,toxic
GDCGCYRCL,-0.7441321630942126,toxic
GCGCSDCCC,-0.7319702644389442,toxic
GSFCCRICD,-0.7353084988301858,toxic
GNSIDIYNR,-0.7325685613877768,toxic
GCCNGCCGN,-0.7259116322950482,toxic
GCSCVCRDC,-0.7247772679423043,toxic
GCDSCSCCC,-0.7206892540292551,toxic
GCGDCRCYV,-0.7224511001855417,toxic
GRCCLCSID,-0.6989700043360187,toxic
GCLCDRCGC,-0.7136932611567252,toxic
GFRLDFIGD,-0.7040495298652938,toxic
GCCDCSRFI,-0.7163828058537005,toxic
GCICFRCDN,-0.7153604205241881,toxic
GCDCCGCHG,-0.7188531536036733,toxic
GNYLDDYSL,-0.7181533207083582,toxic
GCGCNCCDI,-0.711807229041191,toxic
GNNLCVCDF,-0.7096938697277919,toxic
GCDRCFCNG,-0.7120215719666095,toxic
GCCNCDICR,-0.71008600924148,toxic
GYCSRCIID,-0.7114985985779572,toxic
GFGCDCCCR,-0.7067953418479754,toxic
GCVCGRCGD,-0.6989700043360187,toxic
GCLCCRDCD,-0.7069756592605319,toxic
GLCYCNCRD,-0.7037688872177875,toxic
GFNCCRLDC,-0.6989700043360187,toxic
GDCVGCCCR,-0.6989700043360187,toxic
GCVSCRIDC,-0.6942493656634344,toxic
GCCHSCDCC,-0.6933901269551822,toxic
GFYCSLCDR,-0.687772104534545,toxic
GCYYGCFRD,-0.6878466039741141,toxic
GDCSCLCLR,-0.6756986619230307,toxic
GIDCYNCRC,-0.6842467475153124,toxic
GDCYCLSRC,-0.6825018898773312,toxic
GGCSCDCCC,-0.6816823694418574,toxic
GCYCYRGDF,-0.6822643108331661,toxic
GCCCDIYGR,-0.6799467670225884,toxic
GDFHCCNCF,-0.6801431470765351,toxic
GCRDGYCCI,-0.6813793497895047,toxic
GRCCYCDLN,-0.6741464206109866,toxic
GCCDGHCCC,-0.6709412807357752,toxic
GCCLCVHND,-0.6488033948702886,toxic
GCCCYRSLD,-0.6771090037090493,toxic
GCDCGCCNF,-0.6706364056920838,toxic
GCSCGCGDL,-0.6434526764861874,toxic
GCGCVSCDH,-0.670414543882966,toxic
GCCSCSFSN,-0.6670007982609769,toxic
GCCCLGYRD,-0.6724881180924892,toxic
GYCGCCDLR,-0.6681896697449965,toxic
GGCGCSYCS,-0.6690067809585756,toxic
GCNCFSNDL,-0.6676559416676168,toxic
GRCDGYCCF,-0.6605736134217128,toxic
GDCCRGCCN,-0.6684210836588766,toxic
GCCGCNCND,-0.6503646709025174,toxic
GICCCRFDN,-0.6643285186808049,toxic
GCFDCGCRY,-0.6682914217424716,toxic
GNIICRLCD,-0.6659244792914815,toxic
GLDRCCCSI,-0.6419315033656546,toxic
GCCDCSFRV,-0.6511093886875793,toxic
GCCGGCNCS,-0.6614536430681297,toxic
GCSNCCCLD,-0.6583521534277548,toxic
GNCSLCCYN,-0.6462636538200158,toxic
GRCCDCNFV,-0.6607376064310827,toxic
GCCDCRDCC,-0.6532125137753437,toxic
GCDLFCCRS,-0.6488033948702886,toxic
GCHGCCDHI,-0.6511093886875793,toxic
GNCNCCCGC,-0.649667233010694,toxic
GIYCCCSNS,-0.6427470800971787,toxic
GYLISYSGD,-0.6434526764861874,toxic
GVVRCCDNC,-0.6368220975871743,toxic
GHDDIYCCF,-0.6406233864673232,toxic
GSGYNCCCC,-0.6412537123862493,toxic
GCVGCFNRD,-0.6383731509569124,toxic
GFNCCCRGD,-0.6368220975871743,toxic
GDDRCFYFF,-0.6219548200449017,toxic
GNDYFCYCH,-0.6303496308158395,toxic
GCCCGICRD,-0.6307051727774924,toxic
GCCDVCNVR,-0.6374897295125107,toxic
GGCCRCDFC,-0.6368220975871743,toxic
GFCSYCRCD,-0.6330414906277105,toxic
GCSSDYCCI,-0.6327288110944144,toxic
GCDLCCYHD,-0.6320232147054056,toxic
GCNCGRCND,-0.6097468199942534,toxic
GCYDFDFDF,-0.6280570274878042,toxic
GCYNCGLNC,-0.6133410017376515,toxic
GCCGSCCGS,-0.6255410871774854,toxic
GFHGFDHLG,-0.625043898248652,toxic
GDCSNCVLR,-0.626419337187407,toxic
GSDYCLCIR,-0.6020599913279624,toxic
GCCLFCDRD,-0.6226744465258822,toxic
GCDCCRVYN,-0.6207021013840205,toxic
GCYDCRLCG,-0.6256520322494651,toxic
GCSCSYCHD,-0.6183140727223883,toxic
GCYSCGCDC,-0.6071996309803734,toxic
GCDRCCCVG,-0.6162160276666966,toxic
GNCGNCCRD,-0.6090088512832903,toxic
GSDFCRCYN,-0.6062159510991201,toxic
GCNVCSNCF,-0.615131400175721,toxic
GCFSCCYSD,-0.6020599913279624,toxic
GDGDRYCFI,-0.6078895349886863,toxic
GCCCCDRRD,-0.6137878276949394,toxic
GCCRFCSGD,-0.6118198286171187,toxic
GCSDSCCRI,-0.6111396491798808,toxic
GCCVCCSHD,-0.6097468199942534,toxic
GCSCCFDRF,-0.6115862741711009,toxic
GCDYCLRLD,-0.6041836849578179,toxic
GCYCCSFSD,-0.6040295841908668,toxic
GCCDCVYHH,-0.6020599913279624,toxic
GFDCNLCRC,-0.603350614809457,toxic
GGNCCDCCR,-0.6020599913279624,toxic
GDNVCCYIH,-0.6006657863363571,toxic
GCCGDSCCC,-0.6002616679223995,toxic
GCIDCRDRC,-0.568201724066995,toxic
GCDCGCRGS,-0.5917600346881504,toxic
GDFCFCNID,-0.5938396610812714,toxic
GSNGCCGCC,-0.5979277576614244,toxic
GINCVCCNS,-0.5960530562572255,toxic
GIYCSLCND,-0.5964561138099639,toxic
GCCGGCSHD,-0.5969290263748276,toxic
GGIYCYYRD,-0.594760752586463,toxic
GCYSCSCCN,-0.5941395076918652,toxic
GYFCYDCSR,-0.585026652029182,toxic
GNVCYDCRC,-0.593493747497151,toxic
GNDYYHCVI,-0.5925610699264396,toxic
GGCLGCRLD,-0.5915945576497974,toxic
GDCCISCLR,-0.5898255349109508,toxic
GYSCCCLDR,-0.5880492768851477,toxic
GDDDIYCYV,-0.5893027608702126,toxic
GCYDGYRFD,-0.5777914166010256,toxic
GCHSCSCDF,-0.5855449032624037,toxic
GDYLCNCRC,-0.5854108134712176,toxic
GICCGSCSS,-0.5858111082946723,toxic
GDCSFCRGF,-0.5840368871946898,toxic
GYRDCCNCF,-0.5802315538322896,toxic
GCYGCFNNC,-0.5810173885883849,toxic
GYFHDYCDI,-0.5809039957726224,toxic
GFSCSNCCC,-0.5789465366431209,toxic
GVCDCCCRS,-0.5804756995232898,toxic
GCNCDLCNR,-0.5710257575879936,toxic
GDHCNCICF,-0.56194276811998,toxic
GCCSCVCNS,-0.5725047477662464,toxic
GCHDCGGCV,-0.5787191488243714,toxic
GDNVCRICC,-0.5792537537508838,toxic
GYYDYHINY,-0.5496719218682742,toxic
GCDCCCVNR,-0.5766036018929767,toxic
GCCDGCRGF,-0.5757310526056132,toxic
GCCDNCISH,-0.5733245230934698,toxic
GYRLCVCND,-0.5667320289862194,toxic
GDSLCCCSC,-0.5665216659489734,toxic
GDNSCCCCL,-0.5653371843032226,toxic
GCGCCCDLR,-0.5698753079565612,toxic
GCDHYICHC,-0.5563025007672873,toxic
GCSCGRCDL,-0.5699912899259788,toxic
GDYFCNCRN,-0.5581545056288807,toxic
GCCDYFCRG,-0.5664838370667663,toxic
GCCHCCHSD,-0.5624311968296473,toxic
GCYYCGIRD,-0.5637029820826637,toxic
GYYDDYNCL,-0.5625514500442887,toxic
GCIRCDFSC,-0.56194276811998,toxic
GYDCCCYRN,-0.5548809136324931,toxic
GDFFCRCNY,-0.5440680443502757,toxic
GDSCICCHC,-0.5626402755373895,toxic
GCICSCDNC,-0.5609177884309748,toxic
GCCRCGNDI,-0.5581545056288807,toxic
GVCICCHND,-0.5580224811615611,toxic
GFYCFCDRS,-0.5595802105285232,toxic
GNCCICINN,-0.5470124249970569,toxic
GCDCDRCHY,-0.5578563288359089,toxic
GSCCGNCSN,-0.5576725160419078,toxic
GHDGCCCGC,-0.5521859345724551,toxic
GICFCRDCN,-0.5514499979728752,toxic
GCHYFCCND,-0.5545600932870305,toxic
GCSCCCNSN,-0.5544777313520399,toxic
GICDCHCCH,-0.5411035653865367,toxic
GCICDSCIR,-0.5362427068383191,toxic
GCCGCRDNG,-0.5440680443502757,toxic
GCGLCGSCN,-0.5480102301043376,toxic
GCDYSCIDV,-0.5478500231002817,toxic
GGDFFRDLY,-0.5467571828610569,toxic
GDVLHLSHY,-0.5496719218682742,toxic
GCSCSLCSS,-0.5467001401760201,toxic
GCNCGCIHD,-0.5449930595709098,toxic
GCCRCGFCD,-0.5474390404359822,toxic
GCYCNCNGF,-0.5259698222574795,toxic
GRCNLCCGD,-0.5432400279280455,toxic
GCDDCCCHC,-0.5344166586740948,toxic
GYVCLSCNN,-0.5440680443502757,toxic
GCCFCGCRD,-0.5371191843949478,toxic
GCCSICNDL,-0.5324240631865679,toxic
GCFSCCHDC,-0.5364352559356445,toxic
GGCRCDYCV,-0.5380776806610882,toxic
GDNCCICSF,-0.5392691614685069,toxic
GNCCDSCYI,-0.5381187118370744,toxic
GVCRFCDFN,-0.5369599563521363,toxic
GCYRNCCLD,-0.5228787452803376,toxic
GCCNDCSSH,-0.5314789170422551,toxic
GRCDRCYDC,-0.532382286025081,toxic
GCCDHCYCS,-0.5308061136824388,toxic
GVCDHYCCH,-0.52680903890877,toxic
GGDYCRIYC,-0.5312711703356373,toxic
GCCCNCDVR,-0.5228787452803376,toxic
GRCLCDCNV,-0.52680903890877,toxic
GCDCCNCHI,-0.5299910961904036,toxic
GRSCCFDCC,-0.528577161379104,toxic
GGCFCRCGD,-0.5262811816795169,toxic
GCVCCDRSF,-0.5259698222574795,toxic
GFCDCCIHN,-0.5254259342942175,toxic
GLYVYYSRD,-0.5253533644081929,toxic
GCCNDVCCR,-0.5264600077334598,toxic
GYRCFDFDF,-0.5144455777434748,toxic
GRYCCSDGV,-0.5051499783199059,toxic
GFRCDNCCC,-0.5216536542510314,toxic
GGCSCISCS,-0.5228787452803376,toxic
GDYDFYHYI,-0.5228787452803376,toxic
GYINLDYDF,-0.519708698490831,toxic
GCHGHCCDL,-0.5209001792982497,toxic
GRCFCCLSD,-0.5193621715575004,toxic
GNGRDFCCI,-0.5192444606252435,toxic
GCSCVHSDL,-0.5105450102066121,toxic
GNGCCYCRD,-0.5065762340579381,toxic
GSRCYDFYL,-0.5105450102066121,toxic
GYCDCRFCD,-0.516629796003336,toxic
GDRNICYVF,-0.5185139398778875,toxic
GCDCGCHDC,-0.5136380885454249,toxic
GICCDSCNC,-0.5107298557007426,toxic
GFCCCGNNC,-0.5173462566803766,toxic
GRLCCVNCD,-0.5093059380910637,toxic
GYCDSCFCH,-0.5195677166743345,toxic
GVVGDRDRV,-0.5153256073898916,toxic
GCCRCCDGL,-0.5118833609788743,toxic
GCYNYRDYI,-0.5133334273741073,toxic
GDNCCLCGC,-0.5158738437116791,toxic
GYCNDFCDI,-0.5137353658404679,toxic
GNDLCICLR,-0.5090103991331442,toxic
GLCDVCCRD,-0.5051499783199059,toxic
GGCSCSNCL,-0.5093059380910637,toxic
GVCCNYCRD,-0.5140235000322515,toxic
GCNCCGCNN,-0.4960065988800362,toxic
GSCVCDCRI,-0.5149098156090622,toxic
GSIDCRLCC,-0.5051499783199059,toxic
GRFCCCSID,-0.501595024102863,toxic
GFCFCDFRN,-0.5128824285505966,toxic
GCCCNYCND,-0.5111403420090934,toxic
GCFDSYCNL,-0.5121045448297991,toxic
GCICHCSHD,-0.5122585614185422,toxic
GLSCLCYNN,-0.5118833609788743,toxic
GCCCCGVDD,-0.5072736719497615,toxic
GDRSGYCYI,-0.5036802832391304,toxic
GFCCCSNNV,-0.5006023505691853,toxic
GCGYLCCNN,-0.5077274012077166,toxic
GDHYNYVFC,-0.49884050441289873,toxic
GCSCCVVRD,-0.5041047444052559,toxic
GCFVCRCND,-0.5076642050566722,toxic
GDDGLFRLF,-0.5037437348400765,toxic
GRNDCCCSC,-0.5075038837133833,toxic
GDCGSCCIR,-0.5038555079669071,toxic
GGNGNYCCC,-0.5011594955871013,toxic
GYCCDCGRG,-0.49209841068931526,toxic
GCSCLSNGC,-0.49209841068931526,toxic
GCLCSIRDC,-0.5010884104765566,toxic
GVCDCSHCH,-0.4993976494308147,toxic
GCGCDDCCV,-0.503550365160113,toxic
GCCCHCDSC,-0.49884050441289873,toxic
GCVCSLYND,-0.5052288764002216,toxic
GCGCCDIRY,-0.5029489879831479,toxic
GCNCFFDRF,-0.5002274739970067,toxic
GCDCNCCFG,-0.5008286045372634,toxic
GYSCFCDCR,-0.5021081070488368,toxic
GCCGCNLNN,-0.49692964807321494,toxic
GNCNCLCSV,-0.48509018439093776,toxic
GINCVCSNC,-0.4990461362737022,toxic
GCGCCDCCH,-0.4944261129281329,toxic
GGCSCDRCV,-0.4960065988800362,toxic
GCCDDCCRN,-0.49831055378960054,toxic
GDRYVCIIN,-0.4953460748258615,toxic
GFICDCYRN,-0.49458268127035737,toxic
GCCDHCSNV,-0.49696338099349313,toxic
GFYCCCDRD,-0.4957264992367228,toxic
GDDCCCYCH,-0.49615561054109775,toxic
GCRDYCYCS,-0.494684544641741,toxic
GFCNFDCRI,-0.48902047801937015,toxic
GCGNCIYGS,-0.4952805135196415,toxic
GGFNDCRCY,-0.4919071757756558,toxic
GNCCYGNCC,-0.4938729808137823,toxic
GNCCGCCDV,-0.49301755279303905,toxic
GSCDFRCYN,-0.4828735836087537,toxic
GNYCDCCSF,-0.4885507165004443,toxic
GYFCCCDHD,-0.48555442225652523,toxic
GCYCCHDLH,-0.48555442225652523,toxic
GLCDCRCSG,-0.49200217880726776,toxic
GFDHYHYDF,-0.4881166390211256,toxic
GSGLCCCRD,-0.4891857661210431,toxic
GDVCYCSCR,-0.4909432983472851,toxic
GYDDYFHGF,-0.487163193013803,toxic
GSCCCRDVC,-0.4881166390211256,toxic
GFCNCCRCD,-0.48192013760143115,toxic
GCCCSCFSN,-0.48888236560545273,toxic
GRDFCLCNL,-0.4866665726258928,toxic
GYCCLGYRD,-0.48135830766291704,toxic
GCGCGCGCN,-0.4877143282170866,toxic
GCYCCCGNS,-0.48750329051338426,toxic
GFCCCNDRC,-0.48467439261010836,toxic
GYYDFRGDF,-0.48123782091449463,toxic
GCNCGNCDC,-0.47712125471966244,toxic
GLSCDLRCC,-0.4832381795293444,toxic
GVCRCCSDV,-0.4866665726258928,toxic
GHDCNYYCC,-0.4881166390211256,toxic
GCNRCVDIL,-0.48746208805788127,toxic
GDCCCHHCL,-0.484211934381016,toxic
GCDDCIFVR,-0.4823537816533395,toxic
GYFCCCGRD,-0.4871383754771865,toxic
GCDNYSCLI,-0.4843596636435818,toxic
GCSGDCCLR,-0.48272513223766095,toxic
GYFCNIFRD,-0.48135830766291704,toxic
GCFNCCVRD,-0.47712125471966244,toxic
GCCNDCCGV,-0.48365212187862017,toxic
GLCNCRCID,-0.4826187266308802,toxic
GGCCDNCGC,-0.47712125471966244,toxic
GCSSNVCSI,-0.481327529555686,toxic
GFDHFDYSI,-0.4814860601221125,toxic
GDCCCSCGR,-0.48032639459487386,toxic
GNYRCFCDF,-0.47848481779241087,toxic
GFDRDYCYF,-0.47745468620007403,toxic
GYCGCGNCS,-0.4741868213806131,toxic
GGFDYCYCN,-0.469003364497483,toxic
GCCHDNCCC,-0.46852108295774486,toxic
GCHCCCDFS,-0.46825779438835735,toxic
GFYDYGFDD,-0.46665582104149744,toxic
GCISCCDIR,-0.47329484686660955,toxic
GVRCCCGDC,-0.47304334229922307,toxic
GSCCNCLNL,-0.47215783518811233,toxic
GFYCCHYHD,-0.470387872060694,toxic
GDHGLYCHL,-0.47218603704415024,toxic
GIYCSIYND,-0.4691523250483871,toxic
GYLSCCRCD,-0.46713703381306154,toxic
GFCCDCFHN,-0.47122385784703535,toxic
GCDCCGVHH,-0.46974765685086833,toxic
GRIICDCSC,-0.46943442605337143,toxic
GCDCFCRLD,-0.4628808156050522,toxic
GCLICNDRC,-0.46956811682921656,toxic
GNCDDCCRI,-0.4706966629758694,toxic
GFCSCRYID,-0.46684161547509184,toxic
GFDCYHYDI,-0.46887117929423966,toxic
GCSCDCVRN,-0.469003364497483,toxic
GYDCGYYHG,-0.46344155742846993,toxic
GRCSVCYDC,-0.46749800950016596,toxic
GRDSFCCCL,-0.4648867983026508,toxic
GCSCCRCDD,-0.4628808156050522,toxic
GLCCNSCDR,-0.4580283128106401,toxic
GCHSDCCCC,-0.4644587110507363,toxic
GCFCDCNRS,-0.45974715865023974,toxic
GCCDCCDGR,-0.4641913706409996,toxic
GCCDHCDCR,-0.46362614580090683,toxic
GRFYDCCNI,-0.4618325102124163,toxic
GSDCCVCVR,-0.45229767099463025,toxic
GNCCCVLSN,-0.46062093229734885,toxic
GDRCCIYCS,-0.45312097831589593,toxic
GCRCCDLNG,-0.46129409266938937,toxic
GYYCYHDSV,-0.4586378490256493,toxic
GCNCRGFDV,-0.4559319556497244,toxic
GGCCNRCLD,-0.453457336521869,toxic
GCDCCCCRG,-0.45789044592211264,toxic
GDCCRVGCC,-0.4499690086760476,toxic
GCFLCRDCN,-0.45611287399514566,toxic
GCCCSYRDF,-0.45442136462448585,toxic
GDFVCYIRD,-0.4568842401918602,toxic
GCRDNFCCF,-0.4555101057069851,toxic
GYCCCDYNC,-0.45364015887013953,toxic
GFFCNCNSY,-0.4481575587843458,toxic
GHVCCDSCC,-0.45495856454690115,toxic
GCCICCDGR,-0.45495856454690115,toxic
GGNCCNICG,-0.45563708555902366,toxic
GCSCCHSDC,-0.4514158544847606,toxic
GRIDCFFCN,-0.4510794528553123,toxic
GYGFDFNSF,-0.4486327169082249,toxic
GRVCCIDIN,-0.45254562674324605,toxic
GGDDCYCCF,-0.4471580313422192,toxic
GRGCCVCCD,-0.4487596108410205,toxic
GDFICCNRY,-0.4463618909141244,toxic
GCCCYDHSF,-0.4463618909141244,toxic
GCDCGCNGL,-0.4518329363522059,toxic
GFYCCNCSD,-0.4423591484604505,toxic
GDGGFCCCR,-0.44552226864796013,toxic
GFDCSCIRY,-0.45050407381383584,toxic
GCCRGGCDY,-0.44872588316019724,toxic
GSYGDYCSF,-0.4449365713482612,toxic
GCYCDNCSL,-0.4471580313422192,toxic
GCYDVCRCN,-0.4495377330875739,toxic
GYDCFRYYG,-0.448806905011193,toxic
GFCCLCHND,-0.4406919890929875,toxic
GCCCCSDGC,-0.4474650617416477,toxic
GCDRCDYCH,-0.4474650617416477,toxic
GFDCFRDHF,-0.4471580313422192,toxic
GCIDCGLRS,-0.44334282834170385,toxic
GCDVCNSCR,-0.443041465147387,toxic
GFCDSCCVR,-0.44565441363054153,toxic
GCYCCVGNN,-0.4462954799526213,toxic
GCDGVCFRG,-0.4461975566081609,toxic
GCCCLLHND,-0.4456234202687512,toxic
GCSCSGCDL,-0.4453138906438489,toxic
GGNLYHLLD,-0.43136376415898736,toxic
GCYRSCIDC,-0.442454881841617,toxic
GDCCYCFNH,-0.44090908206521773,toxic
GYCVCCSHD,-0.4420470431779536,toxic
GDCYCCRVG,-0.43270211493124955,toxic
GFCNCRFDY,-0.44104588927438276,toxic
GCRNCNCDL,-0.43990451021557364,toxic
GGNGCGCNC,-0.4409746408972395,toxic
GDFCYCCHD,-0.43365556093857216,toxic
GDCCRGVCC,-0.4414372748774014,toxic
GGCDSCRIF,-0.4409746408972395,toxic
GCYCDCRGY,-0.43896355272694765,toxic
GYDCGCFCR,-0.4365034038113984,toxic
GFFNCDCIR,-0.4369477648170488,toxic
GCCLCNCSS,-0.43834453758619657,toxic
GDCNCHVCC,-0.4384544438203409,toxic
GDCYDFCHV,-0.4377247894319407,toxic
GCCHCGGDC,-0.43662003990231113,toxic
GDCHCCDFF,-0.4358350012448284,toxic
GHYDCYGSF,-0.4367581812464657,toxic
GVGGNGNYC,-0.42596873227228116,toxic
GFNSCSCGC,-0.4355700389950108,toxic
GCNDCDLCR,-0.43386521311831494,toxic
GCSDCDCCC,-0.4350113200476201,toxic
GYDCFYNGS,-0.42596873227228116,toxic
GCCCCDRGV,-0.4325391220669219,toxic
GHYCCCNDC,-0.43404778899133617,toxic
GYFDCDFDI,-0.4328018266713049,toxic
GCRGCSCDG,-0.42842933081993795,toxic
GCDFCRGGC,-0.43136376415898736,toxic
GCSCCNIVN,-0.4315140650713382,toxic
GFCCICDNR,-0.42790323204948083,toxic
GCDGCFFGR,-0.42989902590071355,toxic
GCNGNLCCC,-0.4270114566192959,toxic
GYDRYLCDF,-0.43020578521553576,toxic
GDCYYRCYG,-0.4181433947603246,toxic
GCSCNGCCS,-0.4181433947603246,toxic
GGFDYHCDC,-0.4191293077419757,toxic
GYVCDCFRN,-0.42905980924942305,toxic
GYCYDCYCN,-0.42954908628402466,toxic
GCRLVCDLD,-0.42817888707739804,toxic
GCCSSIYCN,-0.4282519229408765,toxic
GYYCCDIRG,-0.4270423903763448,toxic
GGDIRCFCS,-0.42050583657077895,toxic
GCDGCNYVR,-0.42842933081993795,toxic
GGYCDCVRC,-0.4265648812772186,toxic
GCNCDGCGV,-0.42630789236909905,toxic
GRCRNCDDC,-0.4191293077419757,toxic
GSYCRVYDL,-0.4262499200334173,toxic
GCNCVDIRN,-0.42021640338318983,toxic
GNYGCCGNC,-0.4250235861279683,toxic
GVCCGCYDR,-0.4261884613343442,toxic
GICCDCSRF,-0.4213238272265176,toxic
GNCIDRCLI,-0.4236019989931742,toxic
GCNCGSCNL,-0.4134521748502852,toxic
GSCSGCCLD,-0.4086638740638107,toxic
GICCDCSSC,-0.4149733479708179,toxic
GDLCNCSSH,-0.4222085833989744,toxic
GRLDCYILN,-0.42315167710704843,toxic
GNVSCYYGS,-0.4205832578174237,toxic
GCCDRGICC,-0.42189846366098016,toxic
GCNCCYCSS,-0.41218044778664786,toxic
GVCSCGDCR,-0.41799980260100583,toxic
GRCLCNLDV,-0.4191293077419757,toxic
GCGCCGDHF,-0.419894584560088,toxic
GFCYCSNNY,-0.41753556473541836,toxic
GNCFDCCGC,-0.41771050712727165,toxic
GVYCSRCDC,-0.4156687756324692,toxic
GDYYVCCGR,-0.41735304971617265,toxic
GHCDCCYRD,-0.41822921522931317,toxic
GGCICSCGN,-0.4183269899784058,toxic
GSDCCCVRI,-0.4183269899784058,toxic
GSCLCRCDG,-0.4180228243870062,toxic
GNCCCCSSS,-0.4191966663279042,toxic
GCDCGCNCG,-0.41819433540690265,toxic
GVCNCRFDF,-0.4181433947603246,toxic
GFCCNICDR,-0.41218044778664786,toxic
GCDCHICND,-0.4149733479708179,toxic
GCHCGCYCD,-0.4163255892767976,toxic
GCCRVGCDY,-0.416240129078712,toxic
GCRCCNGDC,-0.4149733479708179,toxic
GDIHYGYGH,-0.4116197059632301,toxic
GVCCDCCSN,-0.41300375510791354,toxic
GDYGLRDGF,-0.4154929944365286,toxic
GCLDDGCDC,-0.405118593299161,toxic
GGYYGGLRD,-0.41350778589868736,toxic
GFCCCCDNR,-0.4118016475167513,toxic
GNCSCCDLV,-0.4124446975556177,toxic
GCDCIGCNN,-0.41017446508904926,toxic
GDNFCVRSF,-0.40205657486686974,toxic
GNYCCRCCD,-0.4133272519436556,toxic
GDCGYYCRY,-0.4126990084236644,toxic
GCYHCGYDC,-0.41135557672784034,toxic
GCRCCDCLS,-0.4041003173768561,toxic
GCCSINCDI,-0.41068751238073264,toxic
GCCCCGYHD,-0.41197130042796903,toxic
GFYCCNLRD,-0.41197130042796903,toxic
GCCNNICGY,-0.4115553708054348,toxic
GLCDVCVRN,-0.4095218812218528,toxic
GHYLHCYDC,-0.4090375678903121,toxic
GCNCCVHDV,-0.4080403355763634,toxic
GYDCDFLRY,-0.4080403355763634,toxic
GDYRNGILF,-0.4071480104588614,toxic
GCSDCLRVY,-0.4092630387694285,toxic
GCNVFHYDD,-0.3979400086720376,toxic
GRDCICFDF,-0.40114514854724903,toxic
GVCDCSCGR,-0.40996907634939556,toxic
GFNSCCCCS,-0.4094684098499675,toxic
GHCLCGDCS,-0.40704080813423676,toxic
GNCSYYCFD,-0.40828808925027804,toxic
GCDRLSCFC,-0.4034491034568133,toxic
GSLCNYCNV,-0.4078752830396867,toxic
GCCGDGCDC,-0.40418895794903914,toxic
GFFSDYYDC,-0.40542803006458755,toxic
GSCRCGYDC,-0.40340290437353976,toxic
GVCSCRNCD,-0.40498424079015344,toxic
GICDNRCCF,-0.4000533679854367,toxic
GCCCDCDDC,-0.40260988680552273,toxic
GSINVCNCC,-0.4032256051337214,toxic
GSFLIRLDS,-0.3997841493704079,toxic
GRCVCCDSC,-0.3979400086720376,toxic
GCGVCYDDS,-0.4046788904349295,toxic
GCSCDNCHF,-0.4035774600358187,toxic
GCCLDCIRD,-0.399639793549932,toxic
GCRDFDHLS,-0.39471103854183914,toxic
GYLDYLNRF,-0.40197998647377764,toxic
GDCDNCCYF,-0.4027096116291768,toxic
GCHGDCLNC,-0.39512903133820915,toxic
GCCCCSSCS,-0.4009770453975197,toxic
GNCVCDIRL,-0.39591532210562314,toxic
GHNVCDLDC,-0.3899710790007623,toxic
GCCDCSCHF,-0.39600550889483793,toxic
GHCCDVCYS,-0.3960880038104442,toxic
GCGHDGCLC,-0.4001389727719758,toxic
GDVSCCCRV,-0.3912066260130692,toxic
GGIGDYCDI,-0.3979400086720376,toxic
GSCYCCDNC,-0.39980393634819583,toxic
GINDCRFDY,-0.3987510163435792,toxic
GVDDFRYDI,-0.3964653231060319,toxic
GCCDCRNFG,-0.3994882972348983,toxic
GFNYCDLDG,-0.3979400086720376,toxic
GYLCCSFRD,-0.3945863666644498,toxic
GFSFCCCRD,-0.39586700004917236,toxic
GCDCHCNCS,-0.3979400086720376,toxic
GYDLSGYHF,-0.3969774050672302,toxic
GDLCCGNCC,-0.39211046501131375,toxic
GCCDCSCGN,-0.3964134887105651,toxic
GDNNLCCRC,-0.3951649546172655,toxic
GHHCCFIGD,-0.39509216579921136,toxic
GDHGFCNYF,-0.3949755297082986,toxic
GCHCYGGDF,-0.39372644634334425,toxic
GYSDCYCDV,-0.39334425698288855,toxic
GSNLCCLCD,-0.3862016054007935,toxic
GCYRLCIND,-0.39294806311453856,toxic
GYFFGNNNF,-0.39169105939503607,toxic
GGCCNLYCN,-0.39358806763315735,toxic
GVCSCNGDC,-0.39064076993053815,toxic
GCDCFGCSG,-0.3924386679227608,toxic
GCCSCSFHD,-0.39180146856860726,toxic
GYDFCCIDR,-0.3927531502664511,toxic
GCNHVCLCD,-0.3899710790007623,toxic
GDRCLCFSC,-0.3899710790007623,toxic
GCGRCSFDV,-0.38665899826234856,toxic
GYCLCNDSI,-0.38535088136401713,toxic
GFDCYCCNG,-0.3910280142557076,toxic
GYDLVRVNC,-0.38457604711405613,toxic
GYCDHCNFF,-0.3884837676775959,toxic
GGFGCSCNC,-0.38646019098860757,toxic
GYFCSCDRL,-0.38593110119902224,toxic
GHGFYDDLL,-0.38270004211530073,toxic
GLYLDYLRN,-0.38975655961783645,toxic
GIDRNYCCC,-0.39016779261839485,toxic
GDSYCGCHC,-0.3893721552969413,toxic
GYCSCDYRS,-0.38754290863918756,toxic
GCFFCNVRD,-0.378634853476651,toxic
GRNGCCCDF,-0.3888114134735236,toxic
GCCCDCFSS,-0.38789807037789703,toxic
GCNGYCVNY,-0.38593110119902224,toxic
GYNCCRLDC,-0.38021124171160603,toxic
GYCNSINLC,-0.38497503150767,toxic
GYYDDDIFF,-0.38784946031187506,toxic
GFGDCCCRY,-0.3860407853723299,toxic
GYDLCRYGY,-0.3858193759961842,toxic
GCCCSHLSD,-0.3825651471050834,toxic
GDYIYSLCR,-0.38624320648151905,toxic
GSHYDCLHY,-0.38611280170313134,toxic
GCGCSCSCS,-0.38233493534146157,toxic
GYDCCNVGY,-0.3834402118418045,toxic
GCISCDCSY,-0.38622422549412927,toxic
GHFSYGYDY,-0.38021124171160603,toxic
GCNHCSIDC,-0.3827886645994167,toxic
GRCGDCYRD,-0.38460760806620864,toxic
GYGIDRFLD,-0.3809066693732573,toxic
GCNCRDYCC,-0.38522376458222174,toxic
GDCCCDCGV,-0.38381536598043126,toxic
GICCCDNCR,-0.38021124171160603,toxic
GYVDCHCGH,-0.38264038218225777,toxic
GGHCVCCND,-0.3748162098248999,toxic
GCNHICYCD,-0.38233493534146157,toxic
GCDCCCHIN,-0.3795868066911578,toxic
GDGGYVYVR,-0.3812848998156696,toxic
GCCDCRVDC,-0.38123431516918493,toxic
GCCVCDVRN,-0.3797151885658385,toxic
GYCDCGYDC,-0.37628094808317364,toxic
GCYDLYNRF,-0.37675070960209955,toxic
GDGRCSCGF,-0.38156430909259886,toxic
GNFCCGCDC,-0.3806116976937862,toxic
GCCSSDCCL,-0.3784422189727593,toxic
GCYGDCRVC,-0.38059745292594505,toxic
GGSCCSCDF,-0.37802177983753005,toxic
GDGCISCCR,-0.3774183415274359,toxic
GCVCCDHNG,-0.3756636139608854,toxic
GFSCSCGSC,-0.3727232203190561,toxic
GRGCYCDYC,-0.37596036455794757,toxic
GDYNCLCHC,-0.37784450843249906,toxic
GCVCCDRDF,-0.37645109283829925,toxic
GCCGCGLND,-0.37538813378551905,toxic
GFCDCYHSC,-0.37730010180933465,toxic
GDVYCGCYR,-0.37708305664866354,toxic
GCCCSGVNG,-0.36469907553335845,toxic
GCCCDRNGY,-0.37131752855162353,toxic
GCCCSGSRD,-0.37431696332561337,toxic
GLRDYCCGC,-0.3729120029701066,toxic
GCCGDGGCC,-0.37209335148942657,toxic
GVNGCGCNC,-0.3762553765294875,toxic
GFFDFFGNN,-0.37303265708448263,toxic
GYCDCCCDC,-0.3761080869112597,toxic
GDHYCCCHC,-0.37085291820305605,toxic
GDVCCSRLC,-0.3744589128225147,toxic
GYNCCCVSN,-0.37402785126662624,toxic
GCCDCRDFR,-0.37423265885443663,toxic
GYDSCVCRF,-0.37421451524605753,toxic
GCYCDCLSH,-0.36061568564822527,toxic
GDFCRCLNF,-0.370501760325098,toxic
GCCNCGRDF,-0.36797678529459443,toxic
GCNCDCYGV,-0.36797678529459443,toxic
GHCCCGDYC,-0.37499734768563847,toxic
GLFCNCFRD,-0.37238590419964945,toxic
GDVCHCHDV,-0.37145812242850795,toxic
GVGCCNCNG,-0.3741932080226065,toxic
GYRCVYDYS,-0.36797678529459443,toxic
GNDCRCVIC,-0.36921585741014284,toxic
GNNCCCGIY,-0.37263414340726736,toxic
GHCFCDIGD,-0.37238590419964945,toxic
GVNSNFCYC,-0.37085291820305605,toxic
GGYRCCGDC,-0.3703564870399491,toxic
GGCDCDICS,-0.37025177468696363,toxic
GCYNRCDCC,-0.37166220051292903,toxic
GFCDYSCHC,-0.36925412292687787,toxic
GNRCDLICL,-0.3644169745283741,toxic
GCNCCDFSI,-0.3590219426416679,toxic
GSCCVRCND,-0.36493974856911227,toxic
GCCCRYCDC,-0.368590629187464,toxic
GCGCCGDYR,-0.3702556313970576,toxic
GCVNCCDCN,-0.36797678529459443,toxic
GDDLIFNYC,-0.367089564389701,toxic
GRNDLYCCF,-0.36904516094262035,toxic
GCLCFNDRV,-0.3610279253392666,toxic
GDYCSCFRN,-0.3672944686076578,toxic
GLCDVCRSS,-0.3664792166316999,toxic
GGSCDCVCH,-0.36870394240361465,toxic
GDGYVCYHD,-0.3640817414110702,toxic
GFCRDCFLN,-0.3681338254271691,toxic
GNCDGCCCY,-0.36720539169586913,toxic
GRCCVCDNS,-0.36456384449321766,toxic
GCRCDVGCY,-0.3658685555142626,toxic
GCGCGGCCN,-0.3658898303805026,toxic
GFCGGCDRF,-0.36522284783632575,toxic
GNFYNCISC,-0.3659037766717291,toxic
GGNCCGSCV,-0.3666640553825564,toxic
GCCLYGCDR,-0.365913624730821,toxic
GYNFNCCDF,-0.3644169745283741,toxic
GICCNSNCY,-0.35973565600180835,toxic
GNCVNYCSV,-0.3617278360175929,toxic
GCCDHHCFC,-0.36301336576304427,toxic
GRYCDGCGC,-0.364583842397255,toxic
GCCDCGVHG,-0.36422313632747566,toxic
GCGDNCRYC,-0.3629665154619971,toxic
GCFGNRCDC,-0.36000785562331905,toxic
GNNCCYLDV,-0.36329852301682375,toxic
GHHDCFCDF,-0.36317790241282566,toxic
GDCVCNCSV,-0.36288236345490604,toxic
GCCDCRVCD,-0.35775762011290835,toxic
GHDLLCLRD,-0.3598079962171673,toxic
GYCYGCNLD,-0.3572859197494922,toxic
GDCNCCHGL,-0.3608957401360232,toxic
GYSNCCYCS,-0.360988790896176,toxic
GCDRCDCYL,-0.3597823066793228,toxic
GVCNYVDRF,-0.3498785632017982,toxic
GCCCSHHDC,-0.36015144778263786,toxic
GDDFICYDI,-0.3467874862246563,toxic
GFCDFRCVN,-0.3593402236979827,toxic
GSSCDCLCC,-0.35850950071566107,toxic
GDYDLCRLL,-0.3587511010476681,toxic
GRYGCLCND,-0.356138383293481,toxic
GSYYYFSNY,-0.3424226808222062,toxic
GNFCDINYF,-0.3507177798530887,toxic
GIRCCDSCC,-0.35384330209282694,toxic
GRCCVGCGD,-0.35693840366802276,toxic
GDNCFRYYG,-0.35471485462675756,toxic
GCCFCDVRS,-0.3508763683090789,toxic
GCCCCDIDR,-0.3530589956679912,toxic
GCDLCCCSS,-0.3563506173210167,toxic
GCNCIIRDL,-0.3553876579865739,toxic
GFSCSCSLS,-0.35218251811136253,toxic
GYNDLFDCL,-0.3543507426943807,toxic
GFNCNVYNL,-0.3496353290974826,toxic
GVCGCGSCN,-0.35279291101845256,toxic
GIDHSVYCH,-0.3513907321456397,toxic
GINCYNCDL,-0.3424226808222062,toxic
GFCDRLCNV,-0.3484546455921193,toxic
GLDCCFLDR,-0.35051535874389944,toxic
GDDICCHLC,-0.3541885008089611,toxic
GDYFFCNRC,-0.344064627889183,toxic
GNCCFSCSY,-0.3517835337177487,toxic
GFSGDYCRC,-0.3518585386245712,toxic
GCDCSVYRI,-0.35290214459234304,toxic
GRDDICCIC,-0.3510588577642061,toxic
GCCCRDGNL,-0.35182668484122825,toxic
GGFSYDLCN,-0.3424226808222062,toxic
GDHCGYCNL,-0.34978706536475834,toxic
GGCLSCNCG,-0.3512846586187238,toxic
GGCCCYDVR,-0.3462575356013581,toxic
GCYDYCNCR,-0.3476061377053363,toxic
GRCVGCYGD,-0.3467874862246563,toxic
GGYHCHCDI,-0.3500420776923982,toxic
GCDCCNCGD,-0.350429873313159,toxic
GDCGGCRIV,-0.34895354798116396,toxic
GRCCCSFDF,-0.3470731123328822,toxic
GGFINCSCS,-0.338818556553381,toxic
GDCYIGCNC,-0.3488212419688983,toxic
GDHCSCICC,-0.3467874862246563,toxic
GRCNCVCDV,-0.3452336581560347,toxic
GDICSCGHY,-0.3467874862246563,toxic
GFDVCRCSG,-0.3475305051944373,toxic
GHYNVCDLH,-0.3466094601996575,toxic
GFYDGSLRY,-0.343227675458436,toxic
GRNCLCLVD,-0.3437819760849311,toxic
GCDGYGFDY,-0.3462851212387354,toxic
GVINDCYCH,-0.3461083703991693,toxic
GCDGVCGRF,-0.3450577710870481,toxic
GCGCDSRIC,-0.34171708443319754,toxic
GYFDRSYGI,-0.3357921019231931,toxic
GCCLVSCDR,-0.341035157335565,toxic
GFNRYDCLC,-0.3441546650993953,toxic
GCDHLCSCY,-0.3429745163245387,toxic
GDIVYCRCD,-0.3424226808222062,toxic
GCRGCNIGD,-0.34205005576124875,toxic
GCHSHVCDL,-0.34121238422311045,toxic
GRCDCDCGL,-0.34190287886679194,toxic
GDCFYGDNI,-0.3374592612906561,toxic
GGCGCDCHC,-0.34194959310450607,toxic
GSDFFRLLS,-0.3402237167222681,toxic
GCDDGCCCI,-0.3402237167222681,toxic
GCCNCRDGS,-0.34247303672485446,toxic
GYLCYSCSN,-0.33852180595631876,toxic
GNDCNFCCV,-0.34040068756325564,toxic
GDCCCDYCC,-0.3399480616943509,toxic
GCFCYRVSD,-0.3414220018497501,toxic
GYCDCCSHD,-0.3385671559779653,toxic
GCCNGDCLR,-0.3400413480188215,toxic
GICDICCSN,-0.34084054981233153,toxic
GSCSCCNGS,-0.3408082013350231,toxic
GHYCFCDNC,-0.33488826292494855,toxic
GYCCCCRDC,-0.3407713690156165,toxic
GNGGVYNYL,-0.3392526340326996,toxic
GDLVHCCNC,-0.3379013556171075,toxic
GCFYGDCRC,-0.3399928551018377,toxic
GVDDCRCGF,-0.3375941563008735,toxic
GNVCDCVRL,-0.33824674016807,toxic
GFNSCCICD,-0.3393452934061903,toxic
GCIGSCDRC,-0.33810130703956365,toxic
GCRDCCCDV,-0.3391572933944389,toxic
GDVGVSNYR,-0.3386004824931106,toxic
GYSFCGDSC,-0.33274440884118783,toxic
GCFCCDSCN,-0.3357921019231931,toxic
GYCNCVCSD,-0.3374107936289906,toxic
GGCCCNIDC,-0.33824674016807,toxic
GGCVCSCGN,-0.33853046733425757,toxic
GDCNCLCGC,-0.33619441272723216,toxic
GHCCGFCGD,-0.3374592612906561,toxic
GCVSCCDCS,-0.3364597338485295,toxic
GDFYDCISC,-0.33753376073022523,toxic
GYSDLCLYR,-0.336854726583264,toxic
GCCCVSDRG,-0.33637779922289207,toxic
GCSCVRCDV,-0.3245110915135041,toxic
GNGDVCGRV,-0.3245110915135041,toxic
GFDDGICRI,-0.3357921019231931,toxic
GCCNCISNS,-0.3338789072789126,toxic
GYRDGCGSI,-0.32735893438633035,toxic
GCCCFNYGN,-0.3356134166781696,toxic
GCHNCVSCD,-0.33377493860381924,toxic
GVDCHCYDF,-0.33403025576690654,toxic
GRFCCVFND,-0.33243845991560533,toxic
GIICDLCRD,-0.33543273534753426,toxic
GNYCVCGDC,-0.33321467903538243,toxic
GDSGCLCNI,-0.33458292857065286,toxic
GHVCDCVNC,-0.33359591781500963,toxic
GRFDCVSCC,-0.3336173628675732,toxic
GRCDLCDHS,-0.32967517711351124,toxic
GYLCIDIRD,-0.33176461264014967,toxic
GCNRCVVDL,-0.3337538404726046,toxic
GCCVVDCSR,-0.3253893415234259,toxic
GSCFCGIDR,-0.33213836006588693,toxic
GCCCNCGDI,-0.33213836006588693,toxic
GDGFNFCHC,-0.331906562137051,toxic
GCCDYDCGC,-0.3334550856188273,toxic
GDCGFCSRL,-0.33364136433111263,toxic
GCDLVSCYR,-0.32905871926422475,toxic
GLCDYGCCR,-0.33287736291597586,toxic
GCCDCCDSN,-0.33277877165972874,toxic
GGCDSCCNC,-0.3222192947339193,toxic
GCCILDCNH,-0.3309932190414244,toxic
GCGDNCSCC,-0.3301323773682883,toxic
GGDCYSILH,-0.3288590895287386,toxic
GDCFCGFHS,-0.32922419630257777,toxic
GYSCRGYDF,-0.32516367538070057,toxic
GRCNDYVVL,-0.3287014222618396,toxic
GSRCYDCYC,-0.33081637103657685,toxic
GCNIYHFGD,-0.32962049729198434,toxic
GFCCCDGRS,-0.32771859857409413,toxic
GHFLNDFSF,-0.32883433564678005,toxic
GLCCVSYND,-0.32905871926422475,toxic
GCCCDVRGY,-0.32735893438633035,toxic
GNDCGYHCC,-0.31951340135799433,toxic
GFRDCSCYY,-0.3265159166866802,toxic
GFDDCCRIF,-0.328314963603952,toxic
GDHYFHYDV,-0.3259832776076578,toxic
GICDSCVCR,-0.3187587626244128,toxic
GCCDLCHCD,-0.32752808511170267,toxic
GDNVHVFCH,-0.3275688568017137,toxic
GGFNVLRLD,-0.32508937985714187,toxic
GCCCCVSND,-0.3259485590464511,toxic
GSCNCICGS,-0.32616599899956805,toxic
GLSLSFYND,-0.32419786071600715,toxic
GNLSIGFRD,-0.3180633349627615,toxic
GFDGFCSLN,-0.3257861789881792,toxic
GVYCCCGND,-0.3252084734086843,toxic
GICSCGFSN,-0.3245110915135041,toxic
GHYCDINGL,-0.32425983638245603,toxic
GYDLDVIRH,-0.3197794316768202,toxic
GDYCCYYRG,-0.32508937985714187,toxic
GFCCSCDCH,-0.32549099825121103,toxic
GDVHDGFYF,-0.3174204118521506,toxic
GYYCSCNGC,-0.3246709054920888,toxic
GYFNCDRCI,-0.3192548157701803,toxic
GICDFCSNC,-0.32188013463710136,toxic
GDNYHYNGF,-0.3206846836604512,toxic
GNDCCLRLI,-0.3212333817522681,toxic
GDYICRISY,-0.3203351508593678,toxic
GDGRCCYSV,-0.31951340135799433,toxic
GCYGYRCDC,-0.3222192947339193,toxic
GLCICSCDR,-0.3227075404086184,toxic
GCCCGDSCY,-0.3210999784393153,toxic
GCCCCNNDL,-0.32237958057515675,toxic
GDNFVCCRV,-0.3199978347399612,toxic
GFNYCCSSC,-0.32005323297741156,toxic
GNDRVCYCC,-0.3117538610557543,toxic
GCDFGHCFH,-0.3174204118521506,toxic
GCCSLRLDC,-0.32230581619688164,toxic
GCSCGGSNG,-0.3211482843713937,toxic
GCYLCRDGC,-0.3203351508593678,toxic
GGCISCVNS,-0.3203351508593678,toxic
GDFICYVRN,-0.3215810955273704,toxic
GGDGFCCIN,-0.31991533982435494,toxic
GRYSCGYDF,-0.31991533982435494,toxic
GSYCICRDV,-0.3199610815150501,toxic
GYCCCGNSN,-0.32047926716462366,toxic
GGCLNCVNG,-0.31663506899455723,toxic
GSFYSYYSS,-0.31991533982435494,toxic
GSDCVCNNC,-0.3193573767535128,toxic
GYYRFCSDV,-0.31767166698319865,toxic
GCDHVYCDC,-0.31916256970315904,toxic
GNNCNVYVY,-0.32010125049992205,toxic
GYFDGNFHL,-0.31796841758026084,toxic
GDYCDDIDC,-0.31828900110548686,toxic
GYNYDCVLR,-0.3103700219181246,toxic
GCDVCNCHG,-0.3103700219181246,toxic
GLCNCRSGD,-0.31828900110548686,toxic
GFDFDCDYL,-0.3195951509077704,toxic
GHDISYDYF,-0.3189903246037208,toxic
GFNRDYCFV,-0.3194792573678904,toxic
GDVGYRFLN,-0.31757654864401863,toxic
GDCVCDCRH,-0.31862812809736274,toxic
GRCCCNCDS,-0.31663506899455723,toxic
GNFLLCDRC,-0.31439395722196267,toxic
GFCNHCICD,-0.3183463551630047,toxic
GNNDLFCYC,-0.3171766316145381,toxic
GGILDFYRD,-0.316424323154244,toxic
GFHRDYYDL,-0.3171766316145381,toxic
GCNVDCCGH,-0.3152704347785914,toxic
GNGRCCDCL,-0.3170426659103542,toxic
GYSCYGNGF,-0.30930252162997107,toxic
GDFYDHYHL,-0.316790543022521,toxic
GDFSYRCVC,-0.3167101999491436,toxic
GGCNFNLFD,-0.3087168243302722,toxic
GVCRCGGDC,-0.315643151208422,toxic
GCNCSNYGC,-0.31476980707830987,toxic
GCSCDSYGF,-0.3084540137431881,toxic
GGCGCHDGC,-0.3130945070653618,toxic
GDYFCDYSL,-0.3110142165705821,toxic
GDSCGCCHG,-0.31427747754259927,toxic
GYCHHNCDC,-0.31507307304744975,toxic
GSCDGSCYR,-0.31057531357021156,toxic
GHHCSCICD,-0.3117538610557543,toxic
GNCDGCCGF,-0.31391801801607994,toxic
GGNVCCDCR,-0.31216636178194074,toxic
GNCIGYCCN,-0.31017337510385096,toxic
GDIYCDLRY,-0.31326445208099285,toxic
GCCVCDNHD,-0.31261186821379633,toxic
GYNYGRFDF,-0.31326445208099285,toxic
GNCICSDCC,-0.3116230691614053,toxic
GYRGYDFGF,-0.3096301674258988,toxic
GHNDIYCVC,-0.3125776488951872,toxic
GVCGCDCHG,-0.309463163200844,toxic
GLCNSCGSC,-0.3124427701772002,toxic
GHCCCSNDI,-0.3115461143491364,toxic
GCDCCSIDS,-0.3132978992281389,toxic
GCNVSCNCL,-0.3127911065497715,toxic
GYCLGDCNC,-0.31247314700588896,toxic
GYNCDICVR,-0.3116663105097662,toxic
GDYHFYCRD,-0.3109007496902755,toxic
GCSGVFCSN,-0.31010965351589964,toxic
GDYCVYCRG,-0.3087168243302722,toxic
GSCGCSSLC,-0.3115972927135298,toxic
GRFDHLYDY,-0.311297482902118,toxic
GDDYHFSFI,-0.31141203145770296,toxic
GRCVDCFNF,-0.31115386858375926,toxic
GISFGRFDY,-0.31072756404746,toxic
GFDVRCCNC,-0.3113236922482705,toxic
GYNCYGLDC,-0.3113299523037931,toxic
GYHHCCCDL,-0.31106747047699485,toxic
GRYCYFDFS,-0.3089026187638666,toxic
GSCSNGCGC,-0.30969883601358283,toxic
GGDCGCSCH,-0.30786942019428665,toxic
GNCYLCYHD,-0.3010299956639812,toxic
GICDCGYCR,-0.30914788588616066,toxic
GDCRYLSCV,-0.3077633783229496,toxic
GYCYYDYDC,-0.30972860225902715,toxic
GFNRDGYFC,-0.3010299956639812,toxic
GCCFGCNNN,-0.3056257473531303,toxic
GCCDFGNGV,-0.3010299956639812,toxic
GSDCCRCDH,-0.3090409247049429,toxic
GRYDFIRLD,-0.3010299956639812,toxic
GDVRCSCLG,-0.30947807690362883,toxic
GLFCSCDRC,-0.3087854603607435,toxic
GVDRCICCS,-0.3081303360819202,toxic
GFRCFICND,-0.3049602892924136,toxic
GVCNYSYDF,-0.30629423565633845,toxic
GCCDVHCNH,-0.3077633783229496,toxic
GHCYCNCDI,-0.3010299956639812,toxic
GCFDDCCCR,-0.30475786818322437,toxic
GDLRFSLIS,-0.3010299956639812,toxic
GCNSVGCSC,-0.3065158936420123,toxic
GLCFYCDNR,-0.30710414337617437,toxic
GFNDSCCCY,-0.30716543852001077,toxic
GGCDVCDCR,-0.3010299956639812,toxic
GYHFGDYDC,-0.3010299956639812,toxic
GNLDICYCN,-0.3059006390353222,toxic
GNFNCCNCV,-0.30620022913007144,toxic
GFFNGSYDF,-0.3058288785457499,toxic
GCYYCFGRD,-0.3056915196509848,toxic
GCYSCYCSD,-0.3010299956639812,toxic
GFDYCDFDL,-0.3010299956639812,toxic
GCYGGRFND,-0.3053802271815693,toxic
GSNVLCNCC,-0.3046341199328064,toxic
GSYLSCYRD,-0.3010299956639812,toxic
GCDHNYFGF,-0.3055935523509359,toxic
GVFCCCNHD,-0.3036074185517919,toxic
GRIYCDCNV,-0.30538854317578495,toxic
GGRLCSFDY,-0.303490594211638,toxic
GFNCCCGNG,-0.3043077054252171,toxic
GHDCCCGNV,-0.3010299956639812,toxic
GCGLCHYDG,-0.3053087936432562,toxic
GDSFCHCNC,-0.3010299956639812,toxic
GFCGDCDCC,-0.30335865798256384,toxic
GNDCSCYFG,-0.3050994167316737,toxic
GVDRCCCSF,-0.3010299956639812,toxic
GFVDSYRCC,-0.3010299956639812,toxic
GGNDCLCHY,-0.30451832350980257,toxic
GFYDFRYRD,-0.3042953830917486,toxic
GICCCYSSD,-0.3010299956639812,toxic
GFSCCSCND,-0.3010299956639812,toxic
GYIRCGCDC,-0.30268445283399364,toxic
GCSCHGDGC,-0.3010299956639812,toxic
GGNVDGYRC,-0.3010299956639812,toxic
GFYGFRLDD,-0.3010299956639812,toxic
GFCICNVRD,-0.30311294681227363,toxic
GSDDICCFC,-0.3010299956639812,toxic
GFDCCGYDY,-0.3010299956639812,toxic
GCCLRDICS,-0.30204827158628617,toxic
GDDGLCYCC,-0.3010299956639812,toxic
GGNNNFCFV,-0.30235608671537423,toxic
GDNSCCLVR,-0.302122560974554,toxic
GCCDCHYGG,-0.3010299956639812,toxic
GNCSCCCGD,-0.301720997372054,toxic
GYRDYYGDL,-0.3010299956639812,toxic